day_s0,power_s0,day_s1,power_s1,day_s2,power_s2,time,weatherCode,humidity,temperature,windSpeed,dayPower
2017-02-11,206,2017-02-12,193,2017-02-25,251,2017-03-02,14.0,15,11,7,265
2017-02-27,212,2017-02-25,251,2017-02-12,193,2017-03-03,13.0,26,18,9,237
2017-02-27,212,2017-02-13,156,2017-02-15,180,2017-03-04,13.0,28,20,4,186
2017-01-12,37,2017-02-28,174,2017-01-02,126,2017-03-05,20.0,40,10,10,231
2017-02-27,212,2017-02-25,251,2017-02-12,193,2017-03-06,13.0,20,13,7,212
2017-02-11,206,2017-03-02,265,2017-02-10,241,2017-03-07,14.0,17,8,7,206
2017-03-02,265,2017-02-11,206,2017-03-07,206,2017-03-08,14.0,16,13,7,269
2017-03-08,269,2017-03-02,265,2017-02-11,206,2017-03-09,14.0,14,18,5,264
2017-03-09,264,2017-03-08,269,2017-03-02,265,2017-03-10,13.0,12,23,4,247
2017-03-04,186,2017-03-03,237,2017-02-27,212,2017-03-11,6.0,33,21,6,142
2017-02-24,247,2017-02-15,180,2017-02-18,202,2017-03-12,4.0,33,14,10,228
2017-03-06,212,2017-03-08,269,2017-02-12,193,2017-03-13,13.0,20,13,7,194
2017-02-26,226,2017-03-09,264,2017-03-08,269,2017-03-14,20.0,14,17,5,226
2017-03-10,247,2017-03-09,264,2017-03-08,269,2017-03-15,6.0,14,18,3,232
2017-03-03,237,2017-02-27,212,2017-03-13,194,2017-03-16,6.0,22,18,6,222
2017-02-15,180,2017-03-03,237,2017-02-18,202,2017-03-17,13.0,36,18,8,143
2017-03-04,186,2017-02-15,180,2017-02-27,212,2017-03-18,14.0,30,23,3,186
2017-03-01,128,2017-03-18,186,2017-03-11,142,2017-03-19,13.0,21,21,6,128
2017-03-12,228,2017-02-14,122,2017-03-17,143,2017-03-20,6.0,39,18,6,228
2017-02-27,212,2017-03-03,237,2017-02-13,156,2017-03-21,14.0,24,19,5,245
2017-02-14,122,2017-01-28,6,2017-03-20,228,2017-03-22,18.0,27,17,5,107
2017-01-04,26,2017-03-20,228,2017-02-19,93,2017-03-23,6.0,44,16,4,26
2017-01-26,86,2017-02-23,270,2017-02-04,28,2017-03-24,23.0,55,15,8,86
2017-02-16,118,2017-01-02,126,2017-01-06,35,2017-03-25,13.0,49,15,6,177
2017-02-26,226,2017-02-20,200,2017-01-29,78,2017-03-26,6.0,27,15,8,304
2017-02-27,212,2017-03-06,212,2017-03-03,237,2017-03-27,6.0,21,18,5,212
2017-01-08,97,2017-01-03,56,2017-02-04,28,2017-03-28,16.0,72,8,7,97
2017-01-02,126,2017-02-04,28,2017-02-15,180,2017-03-29,14.0,48,16,7,304
2017-01-04,26,2017-03-23,26,2017-02-14,122,2017-03-30,4.0,63,15,4,109
2017-03-29,304,2017-01-02,126,2017-02-04,28,2017-03-31,14.0,49,14,7,304
2017-02-15,180,2017-03-04,186,2017-02-13,156,2017-04-01,14.0,31,18,7,319
2017-03-18,186,2017-03-04,186,2017-03-21,245,2017-04-02,13.0,26,22,6,291
2017-03-18,186,2017-04-01,319,2017-02-15,180,2017-04-03,14.0,40,22,7,263
2017-03-20,228,2017-03-30,109,2017-02-14,122,2017-04-04,10.0,66,17,6,75
2017-01-05,12,2017-03-30,109,2017-04-04,75,2017-04-05,20.0,75,17,3,124
2017-04-03,263,2017-03-29,304,2017-03-18,186,2017-04-06,14.0,50,22,3,285
2017-03-20,228,2017-04-04,75,2017-04-06,285,2017-04-07,6.0,56,21,4,187
2017-04-07,187,2017-04-04,75,2017-03-20,228,2017-04-08,10.0,75,17,7,187
2017-03-27,212,2017-02-15,180,2017-02-02,177,2017-04-09,6.0,32,16,8,212
2017-03-30,109,2017-02-14,122,2017-03-15,232,2017-04-10,6.0,27,15,4,168
2017-04-01,319,2017-02-15,180,2017-04-03,263,2017-04-11,14.0,37,18,5,241
2017-03-27,212,2017-03-11,142,2017-04-03,263,2017-04-12,6.0,38,20,7,313
2017-04-07,187,2017-03-25,177,2017-04-06,285,2017-04-13,5.0,55,21,9,187
2017-04-06,285,2017-04-03,263,2017-03-29,304,2017-04-14,14.0,52,23,6,222
2017-03-26,304,2017-02-26,226,2017-04-06,285,2017-04-15,5.0,45,27,6,242
2017-03-30,109,2017-04-14,222,2017-02-16,118,2017-04-16,10.0,85,20,5,49
2017-04-12,313,2017-04-03,263,2017-03-27,212,2017-04-17,6.0,36,24,7,291
2017-04-02,291,2017-03-21,245,2017-03-18,186,2017-04-18,14.0,24,20,7,338
2017-03-24,86,2017-01-26,86,2017-01-01,98,2017-04-19,21.0,63,20,6,86
2017-04-03,263,2017-04-11,241,2017-04-06,285,2017-04-20,6.0,38,21,4,303
2017-04-20,303,2017-03-28,97,2017-02-19,93,2017-04-21,4.0,49,16,8,270
2017-03-18,186,2017-04-03,263,2017-04-02,291,2017-04-22,13.0,32,21,8,330
2017-04-03,263,2017-03-18,186,2017-04-14,222,2017-04-23,14.0,40,23,7,300
2017-03-11,142,2017-04-12,313,2017-04-17,291,2017-04-24,9.0,50,21,7,235
2017-04-11,241,2017-04-03,263,2017-03-29,304,2017-04-25,13.0,42,18,8,171
2017-03-04,186,2017-04-02,291,2017-03-18,186,2017-04-26,13.0,30,20,6,186
2017-03-18,186,2017-03-21,245,2017-04-02,291,2017-04-27,14.0,23,22,7,186
2017-04-27,186,2017-03-18,186,2017-03-21,245,2017-04-28,14.0,23,26,6,186
2017-04-28,186,2017-04-27,186,2017-03-18,186,2017-04-29,14.0,27,29,5,298
2017-02-19,93,2017-04-15,242,2017-04-29,298,2017-04-30,6.0,33,29,5,252
2017-03-11,142,2017-04-17,291,2017-03-15,232,2017-05-01,5.0,40,29,5,233
2017-04-29,298,2017-04-23,300,2017-04-03,263,2017-05-02,14.0,33,28,6,267
2017-05-01,233,2017-04-14,222,2017-04-23,300,2017-05-03,10.0,48,24,6,196
2017-03-31,304,2017-04-06,285,2017-04-25,171,2017-05-04,13.0,52,23,5,247
2017-04-27,186,2017-04-28,186,2017-03-18,186,2017-05-05,14.0,24,23,9,249
2017-04-27,186,2017-04-28,186,2017-03-18,186,2017-05-06,14.0,26,24,8,320
2017-04-10,168,2017-03-23,26,2017-04-15,242,2017-05-07,6.0,33,27,5,258
2017-04-04,75,2017-03-22,107,2017-03-30,109,2017-05-08,6.0,51,23,7,218
2017-04-06,285,2017-04-03,263,2017-04-14,222,2017-05-09,14.0,44,25,4,290
2017-04-15,242,2017-03-26,304,2017-02-26,226,2017-05-10,5.0,38,29,7,260
2017-04-30,252,2017-05-10,260,2017-02-19,93,2017-05-11,6.0,32,32,7,230
2017-04-29,298,2017-04-28,186,2017-05-06,320,2017-05-12,14.0,23,27,7,298
2017-05-12,298,2017-04-28,186,2017-04-27,186,2017-05-13,14.0,21,25,7,316
2017-03-18,186,2017-04-29,298,2017-05-06,320,2017-05-14,13.0,31,25,4,267
2017-05-14,267,2017-04-03,263,2017-04-23,300,2017-05-15,13.0,39,25,5,261
2017-05-02,267,2017-04-03,263,2017-04-23,300,2017-05-16,14.0,38,27,7,289
2017-05-16,289,2017-05-02,267,2017-04-23,300,2017-05-17,14.0,40,30,9,285
2017-05-17,285,2017-05-16,289,2017-05-02,267,2017-05-18,14.0,40,32,9,280
2017-04-30,252,2017-02-19,93,2017-05-11,230,2017-05-19,5.0,42,31,8,239
2017-05-18,280,2017-05-17,285,2017-05-16,289,2017-05-20,14.0,40,32,4,251
2017-05-20,251,2017-05-18,280,2017-05-17,285,2017-05-21,14.0,43,31,4,236
2017-05-21,236,2017-05-20,251,2017-05-18,280,2017-05-22,9.0,47,31,7,187
2017-05-04,247,2017-03-31,304,2017-04-06,285,2017-05-23,10.0,58,22,9,247
2017-05-02,267,2017-04-29,298,2017-05-16,289,2017-05-24,14.0,32,29,5,325
2017-05-24,325,2017-04-29,298,2017-05-17,285,2017-05-25,14.0,31,31,5,325
2017-05-25,325,2017-05-24,325,2017-05-18,280,2017-05-26,14.0,31,33,7,311
2017-05-26,311,2017-05-25,325,2017-04-29,298,2017-05-27,14.0,27,33,8,297
2017-05-11,230,2017-05-27,297,2017-04-30,252,2017-05-28,6.0,29,33,8,293
2017-05-28,293,2017-05-11,230,2017-05-26,311,2017-05-29,4.0,30,33,7,245
2017-05-20,251,2017-05-26,311,2017-05-18,280,2017-05-30,14.0,34,32,5,198
2017-05-18,280,2017-05-21,236,2017-05-20,251,2017-05-31,14.0,42,32,8,285
2017-05-20,251,2017-05-21,236,2017-05-18,280,2017-06-01,14.0,41,32,8,293
2017-05-22,187,2017-05-17,285,2017-05-21,236,2017-06-02,9.0,41,31,7,242
2017-05-04,247,2017-05-09,290,2017-04-25,171,2017-06-03,14.0,46,26,6,293
2017-06-03,293,2017-05-16,289,2017-05-04,247,2017-06-04,13.0,39,28,2,283
2017-06-02,242,2017-05-15,261,2017-05-14,267,2017-06-05,10.0,38,24,4,139
2017-04-16,49,2017-01-03,56,2017-04-14,222,2017-06-06,18.0,85,18,5,68
2017-04-14,222,2017-04-06,285,2017-05-16,289,2017-06-07,14.0,51,27,5,292
2017-05-21,236,2017-06-01,293,2017-05-20,251,2017-06-08,6.0,46,30,7,271
2017-01-04,26,2017-05-01,233,2017-05-07,258,2017-06-09,6.0,46,32,7,272
2017-06-08,271,2017-05-08,218,2017-05-11,230,2017-06-10,5.0,53,31,4,245
2017-06-07,292,2017-05-21,236,2017-06-01,293,2017-06-11,14.0,52,31,4,207
2017-06-11,207,2017-05-21,236,2017-06-07,292,2017-06-12,13.0,48,29,4,189
2017-06-04,283,2017-06-03,293,2017-05-04,247,2017-06-13,14.0,40,28,3,206
2017-05-02,267,2017-06-01,293,2017-05-16,289,2017-06-14,14.0,34,31,3,288
2017-06-08,271,2017-05-30,198,2017-05-20,251,2017-06-15,6.0,36,32,5,252
2017-05-20,251,2017-06-14,288,2017-05-18,280,2017-06-16,14.0,36,35,6,251
2017-06-02,242,2017-05-26,311,2017-05-30,198,2017-06-18,6.0,32,33,9,276
2017-05-18,280,2017-05-20,251,2017-05-21,236,2017-06-19,14.0,40,33,6,237
2017-06-08,271,2017-06-15,252,2017-06-18,276,2017-06-20,5.0,49,32,5,246
2017-05-20,251,2017-05-21,236,2017-06-19,237,2017-06-21,13.0,42,34,5,251
2017-05-08,218,2017-06-10,245,2017-05-11,230,2017-06-22,9.0,64,29,6,44
2017-06-06,68,2017-04-16,49,2017-06-07,292,2017-06-23,24.0,76,27,4,143
2017-06-22,44,2017-05-08,218,2017-04-04,75,2017-06-24,4.0,72,26,6,44
2017-06-07,292,2017-06-11,207,2017-06-12,189,2017-06-25,13.0,59,28,5,265
2017-06-11,207,2017-06-07,292,2017-06-12,189,2017-06-26,14.0,52,30,4,274
2017-05-21,236,2017-06-01,293,2017-05-20,251,2017-06-27,14.0,45,33,3,280
2017-06-21,251,2017-05-20,251,2017-06-27,280,2017-06-28,13.0,43,34,6,263
2017-06-16,251,2017-05-20,251,2017-06-19,237,2017-06-29,14.0,41,37,6,240
2017-06-12,189,2017-06-28,263,2017-06-11,207,2017-06-30,13.0,55,32,6,189
2017-06-29,240,2017-06-16,251,2017-06-01,293,2017-07-01,14.0,41,38,5,256
2017-06-29,240,2017-06-16,251,2017-07-01,256,2017-07-02,14.0,37,39,3,215
2017-07-02,215,2017-06-29,240,2017-06-16,251,2017-07-03,14.0,35,41,3,249
2017-06-18,276,2017-06-09,272,2017-05-19,239,2017-07-04,9.0,38,40,4,167
2017-05-11,230,2017-05-19,239,2017-05-08,218,2017-07-05,4.0,47,37,4,105
2017-06-09,272,2017-04-16,49,2017-03-30,109,2017-07-06,15.0,75,32,5,272
2017-06-11,207,2017-06-26,274,2017-06-27,280,2017-07-07,14.0,57,36,7,240
2017-07-07,240,2017-06-29,240,2017-06-27,280,2017-07-08,14.0,51,37,9,297
2017-06-30,189,2017-07-07,240,2017-06-25,265,2017-07-09,13.0,68,33,9,197
2017-07-01,256,2017-07-08,297,2017-06-29,240,2017-07-10,13.0,45,38,7,302
2017-06-29,240,2017-07-08,297,2017-07-02,215,2017-07-11,14.0,46,39,9,293
2017-07-11,293,2017-07-08,297,2017-06-29,240,2017-07-12,14.0,49,38,10,284
2017-07-12,284,2017-07-11,293,2017-07-08,297,2017-07-13,14.0,48,38,9,271
2017-07-05,105,2017-05-11,230,2017-06-10,245,2017-07-14,5.0,51,38,8,240
2017-07-06,272,2017-05-08,218,2017-07-04,167,2017-07-15,9.0,76,31,4,145
2017-06-22,44,2017-06-24,44,2017-07-15,145,2017-07-16,0.0,70,34,4,144
2017-07-06,272,2017-06-09,272,2017-05-03,196,2017-07-18,23.0,69,34,7,86
2017-06-20,246,2017-06-18,276,2017-06-09,272,2017-07-19,0.0,67,35,9,177
2017-07-08,297,2017-07-07,240,2017-07-12,284,2017-07-20,14.0,56,38,9,274
2017-07-04,167,2017-07-19,177,2017-06-09,272,2017-07-21,0.0,59,37,6,161
2017-07-21,161,2017-07-06,272,2017-06-09,272,2017-07-22,9.0,62,37,5,79
2017-06-09,272,2017-07-21,161,2017-07-22,79,2017-07-23,4.0,52,40,5,173
2017-07-22,79,2017-07-06,272,2017-05-19,239,2017-07-24,15.0,64,37,7,102
2017-06-08,271,2017-06-15,252,2017-07-07,240,2017-07-25,4.0,57,36,7,247
2017-07-16,144,2017-06-22,44,2017-07-22,79,2017-07-26,0.0,61,36,5,107
2017-07-25,247,2017-07-09,197,2017-06-08,271,2017-07-27,4.0,66,33,6,66
2017-07-09,197,2017-06-30,189,2017-06-25,265,2017-07-28,13.0,64,31,8,73
2017-07-27,66,2017-06-10,245,2017-07-28,73,2017-07-29,10.0,71,28,5,60
2017-07-25,247,2017-06-20,246,2017-06-08,271,2017-07-30,0.0,81,29,3,114
2017-07-24,102,2017-07-28,73,2017-07-09,197,2017-07-31,9.0,64,35,6,155
2017-07-16,144,2017-07-26,107,2017-06-22,44,2017-08-01,0.0,69,35,7,124
2017-07-15,145,2017-07-31,155,2017-07-05,105,2017-08-02,0.0,75,34,6,145
2017-06-10,245,2017-06-22,44,2017-07-31,155,2017-08-03,5.0,62,37,5,245
2017-07-20,274,2017-07-12,284,2017-07-08,297,2017-08-04,14.0,53,38,5,274
2017-07-12,284,2017-07-13,271,2017-07-11,293,2017-08-05,14.0,48,40,4,242
2017-06-18,276,2017-06-02,242,2017-07-12,284,2017-08-06,5.0,50,39,6,247
2017-06-29,240,2017-07-11,293,2017-07-12,284,2017-08-07,13.0,42,38,4,238
2017-07-11,293,2017-07-13,271,2017-07-12,284,2017-08-08,14.0,44,38,4,288
2017-08-04,274,2017-07-08,297,2017-07-20,274,2017-08-09,24.0,53,35,6,214
2017-07-11,293,2017-07-13,271,2017-08-05,242,2017-08-10,14.0,46,40,3,287
2017-07-12,284,2017-07-11,293,2017-07-13,271,2017-08-11,14.0,48,38,6,256
2017-07-23,173,2017-06-09,272,2017-08-06,247,2017-08-12,24.0,54,36,6,147
2017-06-30,189,2017-07-09,197,2017-07-28,73,2017-08-13,13.0,58,33,7,160
2017-07-28,73,2017-07-31,155,2017-07-09,197,2017-08-14,9.0,70,31,9,168
2017-07-07,240,2017-07-20,274,2017-06-11,207,2017-08-15,14.0,60,34,5,256
2017-07-31,155,2017-07-24,102,2017-08-13,160,2017-08-16,9.0,58,34,5,240
2017-07-05,105,2017-07-14,240,2017-08-02,145,2017-08-17,0.0,60,35,3,218
2017-07-22,79,2017-07-21,161,2017-07-06,272,2017-08-18,9.0,59,35,4,67
2017-07-24,102,2017-07-31,155,2017-08-16,240,2017-08-19,0.0,65,32,6,102
2017-08-15,256,2017-07-07,240,2017-08-13,160,2017-08-20,13.0,60,34,5,256
2017-07-08,297,2017-08-04,274,2017-07-12,284,2017-08-21,13.0,51,37,2,267
2017-07-14,240,2017-07-25,247,2017-08-17,218,2017-08-22,4.0,56,36,6,240
2017-08-03,245,2017-07-14,240,2017-06-10,245,2017-08-23,15.0,67,35,6,245
2017-07-07,240,2017-07-20,274,2017-07-08,297,2017-08-24,14.0,54,36,6,265
2017-06-16,251,2017-07-02,215,2017-08-07,238,2017-08-25,13.0,37,35,5,157
2017-06-21,251,2017-06-19,237,2017-05-25,325,2017-08-26,13.0,39,32,4,95
2017-08-26,95,2017-06-28,263,2017-05-21,236,2017-08-27,13.0,45,33,6,88
2017-08-14,168,2017-07-31,155,2017-08-16,240,2017-08-28,9.0,82,25,8,50
2017-04-19,86,2017-08-09,214,2017-03-24,86,2017-08-29,23.0,65,25,4,86
2017-08-14,168,2017-08-22,240,2017-07-25,247,2017-08-30,6.0,70,24,6,304
2017-06-11,207,2017-06-26,274,2017-08-24,265,2017-08-31,14.0,53,33,4,207
2017-06-26,274,2017-06-11,207,2017-08-31,207,2017-09-01,14.0,55,30,5,274
2017-07-04,167,2017-07-21,161,2017-06-02,242,2017-09-02,4.0,51,29,4,201
2017-05-21,236,2017-06-27,280,2017-06-01,293,2017-09-03,13.0,46,31,5,182
2017-08-06,247,2017-06-18,276,2017-06-02,242,2017-09-04,6.0,58,30,5,174
2017-09-02,201,2017-06-05,139,2017-09-04,174,2017-09-05,4.0,62,29,4,157
2017-06-03,293,2017-06-04,283,2017-06-13,206,2017-09-06,13.0,53,30,5,211
2017-08-31,207,2017-06-11,207,2017-09-01,274,2017-09-07,14.0,55,33,7,285
2017-08-31,207,2017-09-03,182,2017-06-27,280,2017-09-08,13.0,49,33,7,245
2017-06-30,189,2017-09-08,245,2017-06-12,189,2017-09-09,13.0,49,33,5,239
2017-06-26,274,2017-06-11,207,2017-09-01,274,2017-09-10,14.0,51,30,5,66
2017-08-31,207,2017-06-11,207,2017-09-07,285,2017-09-11,14.0,50,33,5,271
2017-06-16,251,2017-05-20,251,2017-06-01,293,2017-09-12,14.0,37,34,3,273
2017-05-20,251,2017-06-19,237,2017-06-16,251,2017-09-13,14.0,37,33,5,260
2017-06-14,288,2017-05-30,198,2017-06-16,251,2017-09-14,13.0,34,32,4,269
2017-09-13,260,2017-08-27,88,2017-06-19,237,2017-09-15,13.0,37,33,2,186
2017-09-09,239,2017-09-11,271,2017-06-12,189,2017-09-16,13.0,50,31,5,127
2017-05-20,251,2017-06-01,293,2017-05-21,236,2017-09-17,14.0,40,32,3,196
2017-09-17,196,2017-05-21,236,2017-05-20,251,2017-09-18,14.0,42,32,7,215
2017-05-28,293,2017-05-29,245,2017-06-15,252,2017-09-19,6.0,33,32,5,252
2017-05-27,297,2017-05-26,311,2017-04-29,298,2017-09-20,13.0,25,36,2,260
2017-04-20,303,2017-04-21,270,2017-09-03,182,2017-09-21,6.0,47,31,8,230
2017-06-14,288,2017-06-16,251,2017-09-17,196,2017-09-22,14.0,35,33,6,257
2017-05-21,236,2017-09-18,215,2017-05-17,285,2017-09-23,14.0,45,31,7,236
2017-06-27,280,2017-09-11,271,2017-06-11,207,2017-09-24,13.0,48,32,7,230
2017-06-26,274,2017-06-11,207,2017-09-10,66,2017-09-25,13.0,53,30,5,176
2017-05-08,218,2017-09-02,201,2017-07-06,272,2017-09-26,6.0,63,27,5,85
2017-04-17,291,2017-05-22,187,2017-04-12,313,2017-09-27,6.0,40,27,6,136
2017-04-18,338,2017-04-28,186,2017-05-13,316,2017-09-28,14.0,17,27,6,296
2017-09-25,176,2017-06-07,292,2017-04-14,222,2017-09-29,13.0,52,27,9,192
2017-04-13,187,2017-09-04,174,2017-06-02,242,2017-09-30,6.0,49,29,8,239
2017-05-23,247,2017-09-06,211,2017-06-25,265,2017-10-01,4.0,62,28,6,134
2017-06-13,206,2017-06-04,283,2017-06-03,293,2017-10-02,13.0,43,24,9,138
2017-03-12,228,2017-10-02,138,2017-03-11,142,2017-10-03,6.0,42,20,6,73
2017-04-03,263,2017-04-23,300,2017-04-11,241,2017-10-04,14.0,38,21,5,154
2017-09-21,230,2017-04-20,303,2017-04-21,270,2017-10-05,6.0,47,21,5,225
2017-05-09,290,2017-05-16,289,2017-04-03,263,2017-10-06,13.0,43,26,3,227
2017-10-03,73,2017-10-02,138,2017-05-23,247,2017-10-07,6.0,51,25,4,28
2017-10-01,134,2017-05-23,247,2017-10-07,28,2017-10-08,4.0,75,23,3,19
2017-08-29,86,2017-04-19,86,2017-10-08,19,2017-10-09,20.0,83,22,5,8
2017-01-28,6,2017-06-22,44,2017-05-08,218,2017-10-10,1.0,83,15,9,15
2017-02-16,118,2017-04-12,313,2017-04-06,285,2017-10-11,20.0,54,18,6,200
2017-10-02,138,2017-06-03,293,2017-06-13,206,2017-10-12,14.0,45,19,5,217
2017-09-30,239,2017-04-13,187,2017-09-04,174,2017-10-13,6.0,48,22,4,181
2017-04-03,263,2017-10-04,154,2017-04-23,300,2017-10-14,13.0,39,23,3,109
2017-09-26,85,2017-05-08,218,2017-02-19,93,2017-10-15,6.0,42,22,3,100
2017-10-14,109,2017-04-23,300,2017-04-14,222,2017-10-16,13.0,47,23,6,80
2017-04-08,187,2017-04-07,187,2017-10-05,225,2017-10-17,9.0,64,20,5,84
2017-10-16,80,2017-04-15,242,2017-05-10,260,2017-10-18,20.0,51,20,5,65
2017-04-15,242,2017-05-10,260,2017-03-26,304,2017-10-19,6.0,50,21,4,133
2017-10-06,227,2017-04-23,300,2017-05-09,290,2017-10-20,14.0,44,26,4,198
2017-05-10,260,2017-04-15,242,2017-10-19,133,2017-10-21,6.0,38,25,3,195
2017-04-06,285,2017-04-14,222,2017-10-16,80,2017-10-22,13.0,50,19,8,230
2017-04-11,241,2017-10-04,154,2017-04-23,300,2017-10-23,14.0,39,18,6,230
2017-04-27,186,2017-05-06,320,2017-04-28,186,2017-10-24,14.0,24,23,3,254
2017-03-23,26,2017-05-07,258,2017-04-10,168,2017-10-25,6.0,32,21,4,63
2017-04-23,300,2017-10-04,154,2017-04-03,263,2017-10-26,14.0,39,22,6,153
2017-04-23,300,2017-10-20,198,2017-05-16,289,2017-10-27,14.0,39,26,5,177
2017-10-27,177,2017-10-04,154,2017-04-23,300,2017-10-28,14.0,36,26,7,160
2017-03-08,269,2017-03-06,212,2017-03-02,265,2017-10-29,14.0,18,13,8,270
2017-10-29,270,2017-03-09,264,2017-03-21,245,2017-10-30,14.0,18,17,5,248
2017-03-27,212,2017-04-12,313,2017-10-30,248,2017-10-31,6.0,24,18,8,169
2017-10-15,100,2017-02-19,93,2017-09-26,85,2017-11-01,20.0,48,21,5,145
2017-04-23,300,2017-10-04,154,2017-04-03,263,2017-11-02,14.0,40,23,7,135
2017-04-01,319,2017-02-15,180,2017-02-13,156,2017-11-03,14.0,33,14,8,191
2017-10-30,248,2017-03-21,245,2017-02-12,193,2017-11-04,14.0,26,17,5,224
2017-03-17,143,2017-11-04,224,2017-10-23,230,2017-11-05,13.0,35,17,8,201
2017-03-17,143,2017-10-23,230,2017-11-02,135,2017-11-06,13.0,42,20,7,178
2017-03-18,186,2017-04-03,263,2017-04-23,300,2017-11-07,20.0,35,24,5,119
2017-04-02,291,2017-10-24,254,2017-04-26,186,2017-11-08,13.0,26,21,5,193
2017-11-08,193,2017-04-22,330,2017-05-15,261,2017-11-09,13.0,34,22,9,124
2017-03-01,128,2017-03-19,128,2017-10-29,270,2017-11-10,13.0,21,14,9,231
2017-02-26,226,2017-03-26,304,2017-02-20,200,2017-11-11,6.0,22,14,4,226
2017-11-05,201,2017-11-08,193,2017-11-04,224,2017-11-12,13.0,31,15,7,173
2017-04-01,319,2017-03-04,186,2017-11-03,191,2017-11-13,13.0,28,16,5,173
2017-10-29,270,2017-03-06,212,2017-10-30,248,2017-11-14,14.0,18,14,4,228
2017-03-13,194,2017-10-29,270,2017-11-14,228,2017-11-15,13.0,17,12,6,218
2017-02-16,118,2017-11-05,201,2017-02-03,118,2017-11-16,13.0,51,16,5,75
2017-02-05,166,2017-11-07,119,2017-11-03,191,2017-11-17,20.0,36,11,10,152
2017-03-07,206,2017-03-02,265,2017-03-08,269,2017-11-18,13.0,15,8,5,239
2017-04-10,168,2017-03-15,232,2017-02-20,200,2017-11-19,6.0,11,8,3,79
2017-02-25,251,2017-02-12,193,2017-02-13,156,2017-11-20,14.0,25,14,3,179
2017-11-12,173,2017-02-18,202,2017-02-24,247,2017-11-21,13.0,37,13,8,175
2017-03-13,194,2017-11-15,218,2017-10-29,270,2017-11-22,13.0,21,10,5,207
2017-03-02,265,2017-03-08,269,2017-03-07,206,2017-11-23,13.0,15,9,7,205
2017-11-23,205,2017-03-02,265,2017-03-07,206,2017-11-24,13.0,15,8,5,212
2017-11-20,179,2017-02-27,212,2017-02-25,251,2017-11-25,13.0,24,15,6,174
2017-02-11,206,2017-03-07,206,2017-03-02,265,2017-11-26,14.0,18,8,7,204
2017-02-19,93,2017-05-19,239,2017-10-05,225,2017-11-27,6.0,46,13,8,136
2017-11-03,191,2017-02-05,166,2017-01-02,126,2017-11-28,13.0,38,12,8,138
2017-03-14,226,2017-01-05,12,2017-02-20,200,2017-11-29,20.0,43,7,6,56
2017-01-12,37,2017-02-07,72,2017-02-03,118,2017-11-30,13.0,44,8,5,184
2017-02-17,166,2017-02-24,247,2017-02-25,251,2017-12-01,14.0,30,10,4,179
2017-02-03,118,2017-01-25,133,2017-11-21,175,2017-12-02,13.0,46,11,8,129
2017-11-29,56,2017-01-06,35,2017-01-09,153,2017-12-03,20.0,54,10,6,31
2017-01-23,136,2017-11-15,218,2017-11-24,212,2017-12-04,13.0,21,5,5,178
2017-02-17,166,2017-03-07,206,2017-01-13,186,2017-12-05,14.0,23,7,6,183
2017-12-01,179,2017-11-23,205,2017-11-24,212,2017-12-06,13.0,28,10,5,170
2017-12-06,170,2017-12-04,178,2017-02-17,166,2017-12-07,13.0,28,7,7,165
2017-11-18,239,2017-03-07,206,2017-12-05,183,2017-12-08,13.0,20,6,6,191
2017-12-04,178,2017-12-07,165,2017-11-15,218,2017-12-09,13.0,24,9,6,178
2017-12-06,170,2017-12-05,183,2017-02-17,166,2017-12-10,13.0,24,8,5,170
2017-12-07,165,2017-12-04,178,2017-12-09,178,2017-12-11,13.0,29,5,7,182
2017-12-04,178,2017-12-11,182,2017-12-07,165,2017-12-12,13.0,24,5,5,156
2017-12-12,156,2017-12-07,165,2017-12-11,182,2017-12-13,13.0,26,6,5,120
2017-01-07,31,2017-01-18,91,2017-01-01,98,2017-12-14,2.0,59,7,4,41
2017-10-09,8,2017-01-01,98,2017-01-26,86,2017-12-15,18.0,71,6,4,87
2017-01-13,186,2017-02-09,241,2017-02-10,241,2017-12-16,13.0,22,2,8,184
2017-01-23,136,2017-01-13,186,2017-01-31,142,2017-12-17,14.0,25,5,6,178
2017-12-06,170,2017-12-07,165,2017-02-17,166,2017-12-18,13.0,27,7,3,162
2017-12-13,120,2017-12-12,156,2017-12-07,165,2017-12-19,13.0,24,7,5,181
2017-12-08,191,2017-12-09,178,2017-11-26,204,2017-12-20,13.0,23,9,5,165
2017-12-01,179,2017-02-12,193,2017-02-17,166,2017-12-21,14.0,28,10,8,163
2017-11-21,175,2017-12-07,165,2017-12-09,178,2017-12-22,13.0,38,11,4,145
2017-02-14,122,2017-04-10,168,2017-03-23,26,2017-12-23,6.0,38,10,4,87
2017-12-20,165,2017-12-19,181,2017-12-08,191,2017-12-24,13.0,23,7,8,157
2017-12-04,178,2017-12-09,178,2017-12-19,181,2017-12-25,13.0,21,7,6,168
2017-12-21,163,2017-12-01,179,2017-01-24,105,2017-12-26,14.0,33,10,5,148
2017-01-02,126,2017-01-12,37,2017-01-25,133,2017-12-27,14.0,48,10,6,120
2017-12-02,129,2017-02-16,118,2017-02-04,28,2017-12-28,13.0,54,13,2,112
2017-10-11,200,2017-01-06,35,2017-12-27,120,2017-12-29,20.0,52,11,4,15
2017-03-20,228,2017-12-23,87,2017-03-12,228,2017-12-30,4.0,45,8,5,86
2017-11-24,212,2017-12-04,178,2017-12-19,181,2017-12-31,13.0,14,8,4,154
2017-12-21,163,2017-02-12,193,2017-02-25,251,2018-01-01,14.0,28,13,2,115
2017-01-15,177,2017-02-02,177,2017-01-06,35,2018-01-02,6.0,56,7,8,80
2017-12-12,156,2017-02-09,241,2017-02-10,241,2018-01-03,6.0,19,3,7,130
2017-02-08,118,2017-02-09,241,2017-01-27,175,2018-01-04,20.0,24,1,5,33
2017-12-12,156,2017-12-04,178,2017-12-31,154,2018-01-05,13.0,19,4,3,162
2018-01-03,130,2017-02-20,200,2017-12-12,156,2018-01-06,6.0,24,4,5,161
2017-12-14,41,2017-01-18,91,2018-01-02,80,2018-01-07,2.0,66,4,2,29
2018-01-05,162,2017-12-12,156,2017-12-16,184,2018-01-08,13.0,20,2,9,162
2017-12-12,156,2018-01-05,162,2017-12-13,120,2018-01-09,13.0,23,3,8,195
2018-01-05,162,2018-01-08,162,2018-01-09,195,2018-01-10,13.0,20,0,7,214
2017-01-20,207,2017-01-22,193,2017-01-21,207,2018-01-11,14.0,13,-2,7,226
2017-01-22,193,2017-01-20,207,2017-01-21,207,2018-01-12,14.0,22,2,7,204
2017-01-16,82,2017-11-30,184,2017-01-09,153,2018-01-13,13.0,43,6,8,199
2017-02-03,118,2017-12-02,129,2017-01-25,133,2018-01-14,13.0,46,8,7,135
2017-12-22,145,2017-11-21,175,2018-01-14,135,2018-01-15,13.0,39,9,4,70
2017-12-07,165,2017-12-13,120,2017-12-19,181,2018-01-16,13.0,30,7,5,88
2017-01-06,35,2017-02-04,28,2017-12-28,112,2018-01-17,13.0,59,9,6,21
2018-01-02,80,2017-02-02,177,2017-01-15,177,2018-01-18,6.0,40,10,3,44
2017-02-05,166,2017-11-30,184,2017-11-28,138,2018-01-19,13.0,39,10,5,102
2017-03-12,228,2017-12-09,178,2017-03-16,222,2018-01-20,6.0,24,12,3,127
2017-03-15,232,2018-01-18,44,2017-10-13,181,2018-01-21,6.0,30,8,4,28
2018-01-17,21,2017-01-09,153,2017-02-04,28,2018-01-22,13.0,58,2,8,51
2018-01-20,127,2017-03-12,228,2017-01-19,85,2018-01-23,6.0,33,-3,7,207
2018-01-11,226,2018-01-10,214,2017-01-20,207,2018-01-24,13.0,14,-2,5,195
2018-01-06,161,2018-01-03,130,2017-02-20,200,2018-01-25,6.0,28,-2,7,120
2018-01-16,88,2018-01-10,214,2017-12-12,156,2018-01-26,13.0,30,-1,4,148
2017-02-21,28,2017-10-15,100,2018-01-25,120,2018-01-27,12.0,35,0,2,66
2018-01-26,148,2018-01-10,214,2018-01-09,195,2018-01-28,13.0,25,-2,7,129
2017-02-09,241,2017-01-13,186,2017-02-10,241,2018-01-29,14.0,22,4,4,226
2018-01-23,207,2017-02-02,177,2017-03-12,228,2018-01-30,6.0,34,3,5,152
2017-12-24,157,2017-12-19,181,2017-12-12,156,2018-01-31,13.0,24,7,3,204
2017-12-13,120,2017-12-19,181,2018-01-09,195,2018-02-01,13.0,27,6,6,203
2017-01-21,207,2018-01-11,226,2017-01-20,207,2018-02-02,14.0,17,-2,9,260
2017-01-20,207,2017-01-21,207,2017-01-22,193,2018-02-03,13.0,14,1,4,247
2018-02-03,247,2017-01-20,207,2017-02-10,241,2018-02-04,13.0,15,4,4,244
2018-01-10,214,2018-01-09,195,2017-12-12,156,2018-02-05,13.0,22,0,7,253
2017-12-20,165,2018-01-05,162,2017-12-04,178,2018-02-06,13.0,20,4,5,241
2017-01-19,85,2018-01-29,226,2018-01-28,129,2018-02-07,13.0,28,1,9,236
2018-01-09,195,2017-12-12,156,2018-02-01,203,2018-02-08,13.0,23,4,7,231
2018-01-06,161,2018-01-25,120,2017-04-30,252,2018-02-09,6.0,26,7,7,176
2018-01-05,162,2017-12-31,154,2017-12-04,178,2018-02-10,13.0,13,3,6,223
2018-02-06,241,2018-02-03,247,2018-02-10,223,2018-02-11,13.0,13,0,8,238
2017-01-20,207,2017-03-07,206,2017-02-10,241,2018-02-12,14.0,14,7,7,259
2018-01-01,115,2017-12-21,163,2017-12-26,148,2018-02-13,13.0,29,12,10,249
2017-11-19,79,2017-04-10,168,2017-02-20,200,2018-02-14,20.0,22,7,10,86
2018-01-20,127,2017-12-20,165,2017-12-08,191,2018-02-15,6.0,20,9,5,214
2017-11-30,184,2017-02-03,118,2018-01-19,102,2018-02-16,13.0,38,11,6,197
2018-01-27,66,2017-10-15,100,2017-03-22,107,2018-02-17,20.0,37,10,6,51
2017-10-05,225,2018-01-03,130,2017-04-20,303,2018-02-18,6.0,38,12,3,150
2017-01-18,91,2018-02-18,150,2017-05-28,293,2018-02-19,6.0,43,13,5,146
2017-02-19,93,2017-11-27,136,2018-02-09,176,2018-02-20,20.0,52,6,8,33
2017-03-01,128,2017-11-10,231,2017-12-09,178,2018-02-21,13.0,25,10,5,236
2017-11-15,218,2017-11-21,175,2017-11-22,207,2018-02-22,13.0,20,11,8,203
2017-11-15,218,2017-03-03,237,2017-12-09,178,2018-02-23,13.0,23,20,5,223
2018-02-20,33,2017-11-27,136,2018-02-09,176,2018-02-24,8.0,47,2,9,99
2017-12-22,145,2017-11-21,175,2018-01-15,70,2018-02-25,13.0,39,11,6,231
2017-03-29,304,2017-10-22,230,2017-12-28,112,2018-02-26,13.0,47,19,8,188
2018-02-19,146,2017-01-18,91,2017-01-07,31,2018-02-27,18.0,49,15,8,93
2018-02-26,188,2017-03-25,177,2017-03-16,222,2018-02-28,6.0,52,15,7,146
2017-12-31,154,2018-02-10,223,2017-11-15,218,2018-03-01,13.0,13,9,7,259
2018-02-25,231,2017-12-02,129,2017-11-16,75,2018-03-02,13.0,44,13,10,248
2018-01-02,80,2018-01-18,44,2017-04-12,313,2018-03-03,6.0,59,20,9,127
2017-01-28,6,2017-11-27,136,2018-02-17,51,2018-03-04,1.0,76,8,12,30
2018-01-15,70,2018-01-14,135,2017-12-22,145,2018-03-05,13.0,39,7,8,281
2018-01-06,161,2017-11-27,136,2018-01-25,120,2018-03-06,6.0,35,10,7,202
2018-03-06,202,2018-01-25,120,2017-11-27,136,2018-03-07,4.0,44,11,7,151
2018-01-30,152,2017-03-12,228,2017-11-30,184,2018-03-08,6.0,37,7,8,293
2018-01-01,115,2017-11-12,173,2017-11-05,201,2018-03-09,13.0,32,13,9,261
2017-10-22,230,2018-02-26,188,2017-04-06,285,2018-03-10,13.0,47,21,5,189
2017-10-22,230,2018-03-10,189,2017-11-06,178,2018-03-11,13.0,53,20,6,141
2017-10-26,153,2017-11-02,135,2017-10-04,154,2018-03-12,14.0,37,22,10,238
2017-10-27,177,2017-04-03,263,2017-04-23,300,2018-03-13,14.0,39,25,10,240
2017-10-20,198,2017-10-27,177,2018-03-13,240,2018-03-14,14.0,43,26,9,251
2017-12-29,15,2017-02-08,118,2017-01-02,126,2018-03-15,20.0,52,10,13,47
2017-02-17,166,2017-12-10,170,2017-12-05,183,2018-03-16,20.0,26,10,8,313
2018-02-18,150,2018-01-03,130,2017-11-12,173,2018-03-17,6.0,30,10,4,52
2017-03-28,97,2017-01-08,97,2017-01-03,56,2018-03-18,4.0,74,9,6,66
2017-12-22,145,2018-01-15,70,2017-11-21,175,2018-03-19,13.0,46,12,9,266
2018-02-14,86,2017-02-08,118,2017-04-10,168,2018-03-20,20.0,38,6,9,187
2017-03-26,304,2017-11-11,226,2017-02-26,226,2018-03-21,6.0,26,14,5,266
2017-11-27,136,2018-03-07,151,2018-03-06,202,2018-03-22,16.0,42,15,5,205
2017-11-09,124,2017-04-02,291,2017-04-22,330,2018-03-23,13.0,32,23,8,258
2017-10-14,109,2018-03-13,240,2017-03-18,186,2018-03-24,13.0,29,24,5,109
2018-03-13,240,2017-10-27,177,2017-03-18,186,2018-03-25,14.0,33,25,6,240
2017-10-21,195,2017-05-10,260,2017-10-19,133,2018-03-26,6.0,36,25,9,274
2017-05-09,290,2018-03-13,240,2017-05-16,289,2018-03-27,14.0,38,28,9,256
2017-05-16,289,2017-10-06,227,2017-09-17,196,2018-03-28,13.0,40,32,7,212
2017-11-09,124,2018-03-23,258,2017-11-08,193,2018-03-29,13.0,33,20,10,114
2017-11-08,193,2018-03-23,258,2017-05-06,320,2018-03-30,13.0,27,26,4,222
2017-10-20,198,2017-10-06,227,2018-03-14,251,2018-03-31,13.0,45,25,7,255
2017-06-14,288,2017-09-22,257,2017-05-24,325,2018-04-01,13.0,34,29,7,213
2017-06-14,288,2017-09-22,257,2017-05-02,267,2018-04-02,14.0,32,31,9,259
2018-03-17,52,2018-02-18,150,2017-04-20,303,2018-04-03,6.0,31,15,13,52
2018-03-21,266,2017-03-26,304,2017-11-11,226,2018-04-04,6.0,29,13,9,66
2018-02-20,33,2017-02-19,93,2017-11-01,145,2018-04-05,23.0,43,14,5,104
2017-04-10,168,2017-11-19,79,2018-02-14,86,2018-04-06,6.0,23,11,11,267
2018-03-01,259,2017-11-15,218,2017-11-22,207,2018-04-07,13.0,15,15,8,335
2017-11-08,193,2017-04-02,291,2017-04-27,186,2018-04-08,13.0,21,21,6,193
2018-03-30,222,2017-10-27,177,2017-04-22,330,2018-04-09,13.0,34,26,11,298
2017-05-07,258,2017-10-25,63,2018-03-26,274,2018-04-10,6.0,23,28,9,117
2017-10-05,225,2017-04-20,303,2017-09-21,230,2018-04-11,6.0,19,26,5,287
2017-03-15,232,2017-10-13,181,2018-01-21,28,2018-04-12,6.0,25,25,5,239
2017-10-17,84,2017-04-13,187,2017-10-13,181,2018-04-13,10.0,58,13,7,44
2018-01-18,44,2018-03-03,127,2017-10-31,169,2018-04-14,6.0,35,17,8,243
2018-04-08,193,2017-03-10,247,2018-02-23,223,2018-04-15,13.0,15,21,4,318
2018-03-30,222,2017-11-08,193,2017-11-09,124,2018-04-16,13.0,26,23,8,302
2017-11-09,124,2018-03-23,258,2018-03-30,222,2018-04-17,13.0,34,24,10,296
2017-05-15,261,2017-10-27,177,2017-05-14,267,2018-04-18,13.0,39,28,10,289
2017-05-26,311,2017-05-25,325,2017-05-24,325,2018-04-19,13.0,31,32,9,290
2017-05-25,325,2017-05-26,311,2017-05-27,297,2018-04-20,14.0,29,32,9,292
2017-09-15,186,2017-05-22,187,2017-08-27,88,2018-04-21,9.0,42,31,7,186
2017-12-14,41,2017-01-07,31,2018-02-27,93,2018-04-22,1.0,85,12,10,29
2017-03-28,97,2017-04-21,270,2018-03-03,127,2018-04-23,20.0,64,20,9,114
2018-03-29,114,2017-11-09,124,2018-03-23,258,2018-04-24,13.0,35,21,8,299
2017-09-19,252,2018-04-11,287,2017-05-28,293,2018-04-25,6.0,25,27,3,291
2017-05-15,261,2018-03-31,255,2018-03-11,141,2018-04-26,13.0,48,27,7,281
2017-04-28,186,2017-04-27,186,2017-05-06,320,2018-04-27,13.0,19,28,7,306
2018-04-01,213,2017-09-15,186,2017-09-14,269,2018-04-28,13.0,35,31,9,281
2018-04-28,281,2017-05-15,261,2017-09-15,186,2018-04-29,13.0,40,30,9,261
2018-04-28,281,2017-09-15,186,2018-04-29,261,2018-04-30,13.0,40,33,5,206
2018-04-23,114,2017-06-25,265,2017-06-03,293,2018-05-01,9.0,63,25,8,68
2018-04-24,299,2018-03-23,258,2018-03-29,114,2018-05-02,13.0,39,22,7,302
2017-04-28,186,2017-04-27,186,2017-05-05,249,2018-05-03,14.0,23,25,7,335
2017-04-29,298,2017-05-24,325,2018-04-20,292,2018-05-04,13.0,28,29,10,313
2017-04-04,75,2017-05-08,218,2017-06-24,44,2018-05-05,1.0,67,21,6,102
2018-04-26,281,2018-05-02,302,2017-05-15,261,2018-05-06,13.0,43,26,7,197
2018-04-28,281,2018-03-30,222,2017-04-29,298,2018-05-07,13.0,20,30,5,293
2018-05-07,293,2018-04-28,281,2018-04-20,292,2018-05-08,13.0,26,32,4,322
2018-05-08,322,2018-05-07,293,2018-04-28,281,2018-05-09,13.0,26,32,5,322
2017-05-28,293,2017-05-29,245,2018-04-25,291,2018-05-10,6.0,32,27,7,293
2017-03-11,142,2018-04-21,186,2017-09-27,136,2018-05-11,6.0,28,29,6,132
2017-04-07,187,2017-09-30,239,2017-10-01,134,2018-05-12,10.0,69,25,5,215
2017-09-22,257,2018-04-02,259,2017-06-16,251,2018-05-13,14.0,31,35,6,276
2017-09-30,239,2017-06-18,276,2017-09-15,186,2018-05-14,6.0,31,35,10,268
2017-07-14,240,2017-07-05,105,2017-05-11,230,2018-05-15,5.0,52,33,8,67
2017-04-08,187,2017-10-17,84,2017-06-20,246,2018-05-16,24.0,56,34,7,130
2018-05-12,215,2017-09-06,211,2017-06-25,265,2018-05-17,20.0,71,27,6,96
2018-04-28,281,2018-04-29,261,2017-05-15,261,2018-05-18,13.0,40,29,8,269
2017-05-24,325,2017-05-25,325,2018-04-18,289,2018-05-19,18.0,33,30,6,216
2017-06-03,293,2017-06-13,206,2017-05-04,247,2018-05-20,16.0,49,27,5,219
2018-04-26,281,2018-03-11,141,2018-05-06,197,2018-05-21,13.0,50,24,4,52
2017-05-23,247,2017-05-04,247,2017-10-07,28,2018-05-22,7.0,60,23,7,226
2018-04-02,259,2017-06-14,288,2017-05-24,325,2018-05-23,14.0,32,30,10,321
2017-06-13,206,2017-06-04,283,2017-10-02,138,2018-05-24,13.0,38,30,10,316
2017-06-08,271,2017-10-07,28,2017-09-01,274,2018-05-25,6.0,58,31,5,235
2018-04-30,206,2018-04-28,281,2018-05-18,269,2018-05-26,13.0,41,33,6,239
2018-05-09,322,2018-05-08,322,2017-09-20,260,2018-05-27,6.0,20,35,5,280
2018-05-07,293,2017-09-20,260,2017-05-27,297,2018-05-28,13.0,15,36,8,285
2018-05-28,285,2018-05-07,293,2018-05-08,322,2018-05-29,13.0,20,33,8,279
2018-05-28,285,2018-05-29,279,2018-05-07,293,2018-05-30,13.0,16,34,6,299
2018-05-30,299,2018-05-28,285,2018-05-29,279,2018-05-31,13.0,17,35,6,297
2018-05-27,280,2018-05-28,285,2018-05-30,299,2018-06-01,6.0,15,37,5,288
2017-10-03,73,2017-05-28,293,2018-05-08,322,2018-06-02,6.0,27,34,6,198
2017-05-26,311,2018-04-19,290,2017-05-27,297,2018-06-03,13.0,31,34,8,246
2018-05-31,297,2018-05-08,322,2018-05-09,322,2018-06-04,13.0,22,38,5,260
2017-05-27,297,2018-05-28,285,2018-05-31,297,2018-06-05,14.0,17,38,9,283
2018-06-03,246,2018-05-09,322,2018-06-04,260,2018-06-06,13.0,27,37,10,246
2018-05-14,268,2018-04-12,239,2017-06-18,276,2018-06-07,4.0,35,35,6,268
2018-06-06,246,2018-05-08,322,2018-05-30,299,2018-06-08,13.0,23,36,6,210
2017-10-19,133,2017-04-16,49,2017-04-13,187,2018-06-09,9.0,72,21,6,28
2017-05-08,218,2017-09-26,85,2017-06-22,44,2018-06-10,9.0,63,25,7,146
2018-04-28,281,2018-06-03,246,2018-04-30,206,2018-06-11,13.0,32,36,3,268
2018-06-05,283,2017-05-27,297,2017-07-03,249,2018-06-12,14.0,23,41,5,291
2017-05-11,230,2017-05-28,293,2017-07-05,105,2018-06-13,5.0,29,39,8,230
2018-04-28,281,2018-05-26,239,2018-04-30,206,2018-06-14,13.0,35,32,7,301
2018-06-11,268,2018-05-08,322,2018-06-08,210,2018-06-15,13.0,31,34,6,288
2018-06-11,268,2018-06-15,288,2018-06-14,301,2018-06-16,13.0,36,35,5,214
2018-06-02,198,2017-10-03,73,2017-10-07,28,2018-06-17,4.0,39,34,5,107
2018-06-16,214,2018-06-15,288,2018-06-11,268,2018-06-18,13.0,36,34,5,251
2017-05-21,236,2017-09-18,215,2017-06-21,251,2018-06-19,18.0,44,34,5,205
2018-06-08,210,2018-06-06,246,2018-06-04,260,2018-06-20,13.0,22,37,4,255
2018-06-20,255,2018-06-08,210,2018-06-06,246,2018-06-21,13.0,24,38,7,213
2018-06-08,210,2018-06-20,255,2018-06-21,213,2018-06-22,13.0,22,36,7,224
2018-06-08,210,2018-06-15,288,2018-06-03,246,2018-06-23,13.0,26,35,8,295
2018-06-23,295,2018-06-03,246,2018-06-11,268,2018-06-24,13.0,30,36,8,254
2017-10-17,84,2017-08-30,304,2017-08-14,168,2018-06-25,15.0,78,29,7,72
2018-06-13,230,2017-08-14,168,2018-05-15,67,2018-06-26,4.0,59,35,3,204
2018-06-24,254,2017-07-01,256,2017-07-02,215,2018-06-27,13.0,38,39,6,255
2018-06-02,198,2018-06-17,107,2017-05-28,293,2018-06-28,4.0,29,35,8,307
2018-06-21,213,2018-06-20,255,2018-06-22,224,2018-06-29,13.0,26,38,5,256
2018-06-29,256,2018-06-22,224,2018-06-21,213,2018-06-30,13.0,27,38,6,272
2018-06-18,251,2017-09-15,186,2017-06-28,263,2018-07-01,13.0,39,35,7,275
2018-06-16,214,2018-06-18,251,2018-06-11,268,2018-07-02,13.0,36,36,4,230
2018-07-02,230,2018-06-16,214,2018-06-18,251,2018-07-03,13.0,36,37,4,260
2018-06-17,107,2018-06-28,307,2018-06-02,198,2018-07-04,4.0,44,33,5,180
2018-07-03,260,2018-07-02,230,2018-06-16,214,2018-07-05,13.0,39,38,5,252
2018-07-02,230,2018-07-05,252,2018-07-03,260,2018-07-06,13.0,38,37,7,243
2018-07-05,252,2018-07-03,260,2018-07-06,243,2018-07-07,13.0,40,37,4,228
2017-09-07,285,2017-05-22,187,2017-08-31,207,2018-07-08,23.0,57,33,5,90
2018-06-25,72,2017-08-14,168,2017-08-22,240,2018-07-09,9.0,65,29,6,114
2017-08-30,304,2018-07-09,114,2017-08-14,168,2018-07-10,4.0,63,31,6,135
2017-05-19,239,2017-08-16,240,2017-07-31,155,2018-07-11,0.0,53,36,7,142
2017-08-21,267,2018-06-27,255,2017-07-08,297,2018-07-12,13.0,48,37,6,223
2018-06-17,107,2018-07-04,180,2018-05-25,235,2018-07-13,4.0,44,38,8,92
2017-07-25,247,2017-07-27,66,2018-07-04,180,2018-07-14,24.0,51,36,7,154
2018-07-14,154,2017-08-22,240,2017-07-25,247,2018-07-15,24.0,52,37,7,200
2018-07-07,228,2018-07-12,223,2018-07-05,252,2018-07-16,13.0,49,37,9,282
2018-07-16,282,2018-07-12,223,2017-08-21,267,2018-07-17,13.0,52,36,8,170
2018-07-17,170,2018-07-16,282,2018-07-12,223,2018-07-18,13.0,52,37,7,198
2018-07-16,282,2018-07-18,198,2018-07-05,252,2018-07-19,13.0,46,38,7,263
2018-07-16,282,2018-07-19,263,2018-07-18,198,2018-07-20,13.0,49,38,8,270
2018-07-19,263,2018-07-20,270,2018-07-16,282,2018-07-21,13.0,47,39,6,267
2017-08-07,238,2018-07-05,252,2018-07-07,228,2018-07-22,13.0,42,39,6,243
2017-09-26,85,2017-07-15,145,2017-07-06,272,2018-07-23,7.0,74,32,12,85
2017-07-25,247,2017-10-01,134,2017-07-27,66,2018-07-24,0.0,73,33,8,247
2018-07-19,263,2018-07-21,267,2018-07-16,282,2018-07-25,13.0,45,40,7,260
2017-08-16,240,2017-07-31,155,2017-07-22,79,2018-07-26,24.0,56,39,6,184
2018-06-17,107,2018-07-04,180,2018-07-13,92,2018-07-27,0.0,50,38,4,107
2018-07-04,180,2018-07-16,282,2018-07-19,263,2018-07-28,9.0,48,38,4,180
2017-07-26,107,2017-07-16,144,2017-08-01,124,2018-07-29,0.0,53,36,4,197
2018-07-29,197,2017-07-26,107,2018-06-10,146,2018-07-30,0.0,56,35,4,223
2017-05-19,239,2018-07-21,267,2018-07-19,263,2018-07-31,4.0,45,39,2,281
2018-07-25,260,2018-07-19,263,2018-07-16,282,2018-08-01,13.0,45,38,5,257
2018-08-01,257,2018-07-25,260,2018-07-19,263,2018-08-02,13.0,45,39,3,266
2018-07-25,260,2018-08-02,266,2018-08-01,257,2018-08-03,13.0,44,39,6,283
2018-07-26,184,2018-05-16,130,2017-09-30,239,2018-08-04,24.0,59,37,7,255
2017-07-14,240,2017-07-05,105,2018-05-15,67,2018-08-05,9.0,54,37,5,175
2018-07-26,184,2018-08-05,175,2017-08-22,240,2018-08-06,24.0,54,37,4,177
2017-07-23,173,2017-06-09,272,2017-09-30,239,2018-08-07,4.0,53,38,6,178
2018-06-07,268,2018-08-07,178,2017-08-06,247,2018-08-08,4.0,53,38,6,162
2017-07-22,79,2017-09-26,85,2017-07-21,161,2018-08-09,9.0,56,36,3,202
2018-07-31,281,2018-08-06,177,2017-07-14,240,2018-08-10,4.0,47,38,5,275
2018-07-25,260,2018-08-03,283,2018-08-01,257,2018-08-11,13.0,44,37,4,260
2018-07-16,282,2018-07-19,263,2018-07-05,252,2018-08-12,13.0,44,37,5,282
2017-08-16,240,2017-07-31,155,2018-05-15,67,2018-08-13,9.0,58,35,6,240
2018-05-25,235,2017-07-09,197,2017-04-07,187,2018-08-14,9.0,77,31,6,235
2018-07-24,247,2018-05-16,130,2018-07-09,114,2018-08-15,0.0,73,33,5,247
2017-07-28,73,2017-07-09,197,2017-08-13,160,2018-08-16,13.0,65,32,8,73
2018-08-16,73,2017-09-06,211,2017-07-28,73,2018-08-17,13.0,69,31,8,73
2017-08-28,50,2017-06-22,44,2017-08-17,218,2018-08-18,15.0,85,27,8,66
2017-06-22,44,2017-10-10,15,2017-06-24,44,2018-08-19,7.0,87,27,8,23
2017-06-06,68,2017-09-02,201,2017-06-23,143,2018-08-20,18.0,79,28,7,68
2018-08-16,73,2017-07-28,73,2017-07-09,197,2018-08-21,13.0,65,32,6,255
2017-07-16,144,2017-08-01,124,2017-05-08,218,2018-08-22,0.0,68,29,7,125
2017-07-28,73,2018-08-21,255,2018-08-16,73,2018-08-23,13.0,57,30,7,245
2018-08-23,245,2018-07-17,170,2017-07-28,73,2018-08-24,13.0,53,31,5,292
2018-06-18,251,2018-04-30,206,2018-06-16,214,2018-08-25,13.0,41,34,4,290
2018-07-17,170,2018-07-16,282,2018-07-18,198,2018-08-26,13.0,49,35,4,246
2018-05-24,316,2017-09-06,211,2018-08-17,73,2018-08-27,13.0,47,32,7,282
2017-06-08,271,2018-05-25,235,2017-06-15,252,2018-08-28,4.0,64,34,4,258
2018-08-21,255,2017-07-28,73,2018-08-16,73,2018-08-29,13.0,60,32,7,257
2017-09-04,174,2018-08-21,255,2018-08-16,73,2018-08-30,9.0,62,31,7,158
2018-08-23,245,2017-07-28,73,2018-08-29,257,2018-08-31,13.0,59,29,7,147
2018-08-24,292,2018-08-23,245,2018-08-31,147,2018-09-01,13.0,52,31,6,207
2018-08-24,292,2018-09-01,207,2018-08-23,245,2018-09-02,13.0,53,32,5,72
2017-09-06,211,2018-08-27,282,2017-06-04,283,2018-09-03,13.0,44,33,7,259
2018-04-29,261,2018-05-18,269,2018-08-25,290,2018-09-04,13.0,42,30,6,291
2018-09-04,291,2018-08-25,290,2018-04-30,206,2018-09-05,13.0,44,32,6,224
2017-06-01,293,2017-09-03,182,2017-09-24,230,2018-09-06,13.0,43,31,8,263
2018-05-18,269,2017-05-15,261,2018-04-18,289,2018-09-07,13.0,39,27,6,302
2018-09-07,302,2018-05-18,269,2018-09-05,224,2018-09-08,13.0,41,28,6,293
2018-09-07,302,2018-05-18,269,2018-09-08,293,2018-09-09,13.0,40,28,5,282
2018-04-28,281,2018-05-18,269,2018-09-09,282,2018-09-10,13.0,37,30,3,203
2018-05-26,239,2018-09-05,224,2018-05-18,269,2018-09-11,13.0,43,30,3,239
2018-05-26,239,2018-09-11,239,2017-09-16,127,2018-09-12,13.0,45,32,4,239
2018-08-13,240,2017-06-09,272,2017-09-04,174,2018-09-13,9.0,57,30,4,240
2018-09-02,72,2018-08-23,245,2018-09-01,207,2018-09-14,9.0,51,32,4,72
2018-08-30,158,2018-08-17,73,2017-08-14,168,2018-09-15,9.0,66,28,7,158
2017-04-30,252,2018-06-26,204,2018-05-01,68,2018-09-16,16.0,61,26,5,252
2017-10-01,134,2017-06-07,292,2017-09-01,274,2018-09-17,23.0,54,27,4,134
2018-05-01,68,2017-09-21,230,2017-09-30,239,2018-09-18,23.0,53,25,4,68
2018-08-18,66,2018-08-19,23,2018-03-04,30,2018-09-19,1.0,90,23,3,66
2018-05-01,68,2017-09-21,230,2017-06-25,265,2018-09-20,20.0,66,28,5,68
2017-06-14,288,2018-09-06,263,2018-03-27,256,2018-09-21,13.0,39,28,6,288
2017-04-29,298,2017-05-24,325,2018-04-20,292,2018-09-22,14.0,30,27,5,298
2018-05-04,313,2018-09-22,298,2017-04-29,298,2018-09-23,13.0,27,26,5,313
2018-04-17,296,2018-09-07,302,2018-09-09,282,2018-09-24,13.0,35,26,6,296
2017-05-15,261,2018-09-24,296,2017-10-27,177,2018-09-25,13.0,39,25,4,68
2017-05-07,258,2017-09-30,239,2017-10-21,195,2018-09-26,23.0,45,25,3,158
2018-09-07,302,2018-09-08,293,2018-09-09,282,2018-09-27,13.0,41,27,4,231
2017-06-04,283,2017-06-13,206,2017-06-03,293,2018-09-28,13.0,41,29,5,252
2017-05-24,325,2018-04-20,292,2018-04-19,290,2018-09-29,13.0,32,30,4,255
2018-04-16,302,2017-11-08,193,2018-03-30,222,2018-09-30,13.0,26,22,8,280
2018-04-17,296,2018-09-24,296,2017-11-09,124,2018-10-01,13.0,35,24,7,275
2018-09-24,296,2018-10-01,275,2018-04-17,296,2018-10-02,13.0,32,26,4,267
2018-05-08,322,2018-05-09,322,2018-09-29,255,2018-10-03,13.0,27,30,2,247
2018-05-08,322,2018-05-07,293,2018-05-09,322,2018-10-04,13.0,25,29,3,219
2018-04-20,292,2017-04-29,298,2017-05-24,325,2018-10-05,14.0,28,29,5,234
2018-09-24,296,2018-10-01,275,2018-09-07,302,2018-10-06,13.0,38,25,7,206
2018-09-24,296,2018-04-17,296,2018-10-01,275,2018-10-07,13.0,37,25,5,296
2018-04-21,186,2018-09-27,231,2018-09-08,293,2018-10-08,9.0,42,26,3,186
2017-10-03,73,2017-03-12,228,2018-06-17,107,2018-10-09,4.0,33,18,9,199
2018-09-30,280,2018-04-15,318,2017-11-08,193,2018-10-10,13.0,21,18,4,268
2017-10-24,254,2017-04-27,186,2017-05-06,320,2018-10-11,13.0,23,22,3,269
2018-04-16,302,2017-11-09,124,2018-04-17,296,2018-10-12,13.0,29,22,5,215
2018-04-17,296,2018-10-12,215,2018-10-01,275,2018-10-13,13.0,33,23,6,193
2018-10-01,275,2018-10-13,193,2017-11-09,124,2018-10-14,13.0,39,22,5,140
2018-10-14,140,2018-10-01,275,2018-04-17,296,2018-10-15,13.0,39,24,4,215
2018-09-17,134,2018-05-12,215,2017-10-11,200,2018-10-16,9.0,62,19,4,110
2018-04-24,299,2018-03-29,114,2017-11-09,124,2018-10-17,13.0,35,19,7,217
2017-04-02,291,2017-11-08,193,2017-04-26,186,2018-10-18,13.0,26,19,6,246
2017-11-08,193,2018-10-18,246,2018-04-08,193,2018-10-19,13.0,27,20,4,245
2017-11-07,119,2017-04-18,338,2017-04-26,186,2018-10-20,20.0,33,20,3,168
2017-10-19,133,2018-03-26,274,2017-10-21,195,2018-10-21,6.0,47,21,5,75
2018-05-02,302,2018-10-15,215,2018-05-06,197,2018-10-22,13.0,39,24,6,179
2018-10-11,269,2017-03-10,247,2018-04-15,318,2018-10-23,13.0,16,25,3,260
2017-05-06,320,2018-03-30,222,2018-09-23,313,2018-10-24,20.0,28,25,7,226
2017-10-17,84,2017-04-08,187,2018-04-13,44,2018-10-25,21.0,62,20,7,84
2017-10-30,248,2017-03-09,264,2017-10-29,270,2018-10-26,14.0,15,16,9,248
2018-10-10,268,2018-04-15,318,2017-10-30,248,2018-10-27,13.0,18,18,6,254
2018-10-10,268,2018-10-12,215,2018-04-15,318,2018-10-28,13.0,23,21,7,246
2018-10-28,246,2018-10-10,268,2018-02-23,223,2018-10-29,13.0,25,17,5,249
2018-10-28,246,2018-10-10,268,2018-10-29,249,2018-10-30,13.0,23,18,4,231
2018-10-12,215,2018-10-28,246,2018-10-30,231,2018-10-31,13.0,28,20,4,214
2017-05-06,320,2017-03-18,186,2018-03-12,238,2018-11-01,14.0,30,23,3,208
2017-03-18,186,2018-11-01,208,2017-10-28,160,2018-11-02,14.0,32,24,4,194
2017-10-04,154,2017-04-03,263,2017-11-02,135,2018-11-03,13.0,42,21,5,203
2017-05-07,258,2017-03-23,26,2018-04-10,117,2018-11-04,6.0,51,21,3,104
2018-03-18,66,2017-01-01,98,2017-04-21,270,2018-11-05,23.0,67,13,8,30
2018-10-25,84,2018-02-27,93,2017-10-17,84,2018-11-06,18.0,43,12,6,46
2018-01-21,28,2017-10-13,181,2017-03-15,232,2018-11-07,6.0,42,14,4,179
2017-12-03,31,2017-12-28,112,2017-02-04,28,2018-11-08,10.0,54,13,4,96
2018-03-10,189,2017-04-11,241,2017-10-23,230,2018-11-09,14.0,43,20,6,192
2018-10-29,249,2018-10-31,214,2018-10-30,231,2018-11-10,13.0,26,18,5,207
2018-02-28,146,2017-03-16,222,2017-03-25,177,2018-11-11,6.0,55,15,5,73
2017-04-06,285,2017-04-14,222,2017-10-22,230,2018-11-12,14.0,54,20,2,184
2018-11-03,203,2018-03-11,141,2017-10-22,230,2018-11-13,13.0,47,19,3,173
2018-11-13,173,2018-03-11,141,2017-02-16,118,2018-11-14,13.0,50,18,5,155
2017-03-30,109,2018-03-20,187,2017-01-04,26,2018-11-15,10.0,75,13,3,37
2018-03-19,266,2017-12-22,145,2017-11-21,175,2018-11-16,13.0,42,10,7,161
2017-12-22,145,2018-11-16,161,2018-03-19,266,2018-11-17,13.0,42,11,5,117
2017-03-12,228,2018-01-20,127,2018-02-15,214,2018-11-18,6.0,33,14,5,106
2017-03-17,143,2017-11-21,175,2017-12-22,145,2018-11-19,13.0,37,14,7,198
2018-02-18,150,2017-10-05,225,2017-04-21,270,2018-11-20,6.0,44,15,5,125
2018-06-10,146,2017-03-30,109,2017-09-26,85,2018-11-21,4.0,59,12,6,136
2017-02-15,180,2017-02-18,202,2017-04-11,241,2018-11-22,14.0,39,13,5,181
2018-11-17,117,2017-12-22,145,2017-11-21,175,2018-11-23,13.0,40,14,9,149
2018-03-16,313,2017-02-13,156,2017-11-25,174,2018-11-24,20.0,28,14,3,168
2017-10-23,230,2017-10-26,153,2018-03-12,238,2018-11-25,14.0,38,19,4,153
2018-11-24,168,2018-03-16,313,2017-03-29,304,2018-11-26,20.0,46,17,7,140
2018-02-27,93,2018-02-18,150,2018-11-20,125,2018-11-27,6.0,33,14,7,84
2017-11-16,75,2018-03-11,141,2018-11-14,155,2018-11-28,13.0,56,17,5,66
2018-11-28,66,2018-03-19,266,2017-12-28,112,2018-11-29,13.0,58,13,7,148
2018-11-29,148,2018-11-28,66,2017-11-16,75,2018-11-30,13.0,61,15,4,41
2017-01-01,98,2017-01-03,56,2018-11-30,41,2018-12-01,20.0,67,15,3,86
2018-09-18,68,2018-04-13,44,2017-10-17,84,2018-12-02,4.0,76,16,3,24
2017-04-13,187,2017-03-25,177,2018-11-07,179,2018-12-03,20.0,53,13,8,26
2017-11-03,191,2017-12-01,179,2017-02-07,72,2018-12-04,13.0,30,10,5,162
2018-03-06,202,2018-03-07,151,2017-11-27,136,2018-12-05,6.0,41,8,5,22
2018-01-23,207,2018-11-18,106,2018-02-28,146,2018-12-06,6.0,48,4,7,184
2017-01-27,175,2018-02-03,247,2017-01-20,207,2018-12-07,20.0,15,0,5,178
2018-02-10,223,2018-01-24,195,2018-02-11,238,2018-12-08,13.0,11,-2,4,201
2018-01-03,130,2018-02-10,223,2018-02-11,238,2018-12-09,6.0,13,2,3,150
2018-01-21,28,2017-03-15,232,2018-04-12,239,2018-12-10,6.0,17,4,4,133
2017-02-09,241,2018-02-06,241,2017-12-16,184,2018-12-11,13.0,20,2,7,153
2018-02-12,259,2017-01-20,207,2017-01-23,136,2018-12-12,14.0,13,5,5,201
2018-02-08,231,2018-01-09,195,2018-02-01,203,2018-12-13,13.0,24,4,5,197
2017-12-19,181,2018-01-31,204,2017-12-13,120,2018-12-14,13.0,27,7,4,189
2017-01-11,138,2017-02-03,118,2017-01-09,153,2018-12-15,13.0,58,7,7,150
2017-02-05,166,2018-01-16,88,2017-01-12,37,2018-12-16,13.0,33,9,5,144
2017-12-10,170,2017-11-22,207,2017-12-21,163,2018-12-17,13.0,24,9,4,161
2017-02-25,251,2017-12-01,179,2017-11-20,179,2018-12-18,14.0,28,13,3,171
2018-11-07,179,2018-01-21,28,2018-11-16,161,2018-12-19,6.0,43,10,5,103
2018-03-09,261,2017-11-21,175,2018-11-23,149,2018-12-20,13.0,35,14,4,145
2017-03-31,304,2018-01-22,51,2017-01-02,126,2018-12-21,13.0,49,11,5,127
2018-01-30,152,2018-01-20,127,2018-02-15,214,2018-12-22,6.0,25,10,5,94
2018-01-09,195,2018-12-13,197,2018-02-08,231,2018-12-23,13.0,22,4,7,187
2017-12-04,178,2017-12-19,181,2017-12-09,178,2018-12-24,13.0,22,7,6,167
2017-01-18,91,2018-02-27,93,2018-02-19,146,2018-12-25,6.0,49,7,6,119
2018-01-13,199,2018-03-19,266,2018-01-15,70,2018-12-26,13.0,49,3,8,199
2018-01-28,129,2018-01-26,148,2018-02-05,253,2018-12-27,13.0,31,-1,7,129
2018-12-08,201,2018-01-24,195,2018-02-10,223,2018-12-28,13.0,13,-3,6,201
2018-12-08,201,2018-12-28,201,2018-01-24,195,2018-12-29,13.0,15,0,3,201
2018-12-29,201,2018-01-05,162,2018-12-08,201,2018-12-30,13.0,19,1,5,201
2018-12-23,187,2018-01-09,195,2018-02-01,203,2018-12-31,13.0,27,2,3,151
2017-12-12,156,2018-01-09,195,2018-01-05,162,2019-01-01,13.0,23,2,3,125
2017-12-17,178,2017-01-31,142,2017-12-05,183,2019-01-02,13.0,23,7,2,152
2017-12-18,162,2017-01-24,105,2017-12-06,170,2019-01-03,13.0,35,6,5,122
2018-01-18,44,2018-01-13,199,2017-01-15,177,2019-01-04,6.0,40,6,6,114
2017-12-12,156,2019-01-01,125,2018-01-05,162,2019-01-05,13.0,22,3,6,156
2018-01-03,130,2018-02-18,150,2018-03-17,52,2019-01-06,6.0,27,5,3,132
2018-12-09,150,2018-12-25,119,2019-01-06,132,2019-01-07,6.0,27,5,5,98
2019-01-01,125,2017-12-04,178,2018-01-05,162,2019-01-08,13.0,22,2,7,144
2017-12-12,156,2019-01-01,125,2017-12-13,120,2019-01-09,13.0,25,4,4,87
2018-11-04,104,2017-03-30,109,2017-01-04,26,2019-01-10,6.0,58,5,5,114
2018-01-17,21,2018-11-29,148,2018-12-15,150,2019-01-11,13.0,56,8,4,50
2018-01-15,70,2018-03-19,266,2018-11-16,161,2019-01-12,13.0,45,8,5,104
2018-12-16,144,2019-01-12,104,2018-11-16,161,2019-01-13,13.0,38,9,4,81
2019-01-07,98,2018-12-25,119,2018-12-09,150,2019-01-14,6.0,36,8,3,134
2018-12-08,201,2018-12-28,201,2018-12-29,201,2019-01-15,13.0,12,-2,8,206
2018-02-10,223,2017-03-01,128,2018-02-11,238,2019-01-16,13.0,11,4,5,214
2018-12-23,187,2017-03-07,206,2017-11-26,204,2019-01-17,13.0,19,8,4,200
2017-01-27,175,2017-12-26,148,2019-01-03,122,2019-01-18,20.0,32,8,5,129
2019-01-14,134,2019-01-07,98,2018-12-25,119,2019-01-19,6.0,33,6,6,88
2018-02-01,203,2017-12-13,120,2017-12-19,181,2019-01-20,13.0,25,7,5,217
2017-12-05,183,2017-02-17,166,2017-03-07,206,2019-01-21,14.0,23,9,6,199
2017-02-11,206,2017-03-02,265,2017-03-08,269,2019-01-22,14.0,19,11,6,202
2017-10-29,270,2019-01-22,202,2017-02-12,193,2019-01-23,14.0,20,13,5,210
2017-03-27,212,2017-10-31,169,2017-02-02,177,2019-01-24,6.0,28,13,5,166
2018-03-08,293,2018-01-30,152,2017-03-12,228,2019-01-25,6.0,30,4,8,201
2017-12-31,154,2018-01-05,162,2017-12-19,181,2019-01-26,13.0,18,9,2,207
2017-02-20,200,2018-03-21,266,2017-02-26,226,2019-01-27,6.0,27,6,7,114
2019-01-24,166,2018-01-18,44,2019-01-26,207,2019-01-28,6.0,19,9,5,203
2018-04-06,267,2017-04-10,168,2017-11-19,79,2019-01-29,6.0,30,9,7,98
2018-01-18,44,2017-02-02,177,2019-01-28,203,2019-01-30,6.0,35,7,8,67
2019-01-27,114,2018-02-14,86,2019-01-03,122,2019-01-31,12.0,36,3,5,121
2017-01-12,37,2017-02-07,72,2017-01-16,82,2019-02-01,14.0,40,8,8,214
2018-01-02,80,2018-01-18,44,2019-01-30,67,2019-02-02,6.0,50,12,7,46
2017-11-17,152,2018-12-04,162,2018-02-21,236,2019-02-03,20.0,27,11,6,97
2018-02-21,236,2017-03-01,128,2017-11-10,231,2019-02-04,13.0,30,11,9,160
2018-11-07,179,2018-01-21,28,2018-12-19,103,2019-02-05,6.0,39,12,5,119
2018-03-15,47,2017-12-29,15,2018-01-17,21,2019-02-06,20.0,60,7,8,13
2017-01-29,78,2019-01-31,121,2019-01-27,114,2019-02-07,20.0,38,-1,9,215
2018-01-27,66,2017-03-22,107,2018-02-17,51,2019-02-08,6.0,33,3,3,63
2018-01-27,66,2019-02-08,63,2017-02-21,28,2019-02-09,6.0,35,3,6,134
2019-02-09,134,2018-01-27,66,2017-02-21,28,2019-02-10,6.0,37,4,5,88
2018-03-05,281,2018-01-15,70,2019-01-13,81,2019-02-11,13.0,38,8,6,164
2018-03-19,266,2019-01-12,104,2018-11-16,161,2019-02-12,13.0,45,9,3,81
2017-01-01,98,2019-01-11,50,2018-01-17,21,2019-02-13,20.0,67,5,7,98
2018-08-22,125,2017-01-28,6,2017-10-10,15,2019-02-14,2.0,66,6,6,125
2018-01-13,199,2019-02-01,214,2017-01-17,51,2019-02-15,20.0,44,4,6,148
2017-02-10,241,2018-02-04,244,2017-02-09,241,2019-02-16,13.0,20,4,5,298
2019-01-28,203,2019-01-30,67,2017-01-30,218,2019-02-17,6.0,18,7,2,268
2018-11-06,46,2019-01-19,88,2018-04-13,44,2019-02-18,4.0,30,10,4,95
2019-02-12,81,2019-01-12,104,2018-03-19,266,2019-02-19,13.0,46,8,4,53
2018-03-06,202,2017-11-27,136,2018-02-09,176,2019-02-20,6.0,34,11,3,177
2017-03-26,304,2018-03-21,266,2017-02-26,226,2019-02-21,20.0,25,11,3,228
2018-12-22,94,2019-02-18,95,2018-03-17,52,2019-02-22,6.0,20,12,4,173
2017-03-13,194,2017-11-15,218,2018-02-23,223,2019-02-23,13.0,21,14,5,237
2018-05-10,293,2019-02-22,173,2018-02-19,146,2019-02-24,6.0,21,15,4,175
2018-02-23,223,2018-10-29,249,2018-11-10,207,2019-02-25,13.0,23,16,5,182
2017-12-23,87,2018-03-06,202,2019-02-08,63,2019-02-26,6.0,34,13,2,64
2017-11-21,175,2017-12-22,145,2018-11-16,161,2019-02-27,13.0,37,13,4,132
2018-11-18,106,2017-03-12,228,2018-01-20,127,2019-02-28,6.0,39,15,5,106
2017-04-01,319,2017-04-09,212,2017-02-15,180,2019-03-01,13.0,32,16,5,183
2017-04-10,168,2019-01-29,98,2018-04-06,267,2019-03-02,6.0,30,15,4,183
2018-04-23,114,2018-02-18,150,2018-11-20,125,2019-03-03,20.0,38,14,6,142
2019-02-27,132,2018-04-24,299,2018-11-16,161,2019-03-04,13.0,39,18,7,196
2017-10-03,73,2018-10-09,199,2017-03-12,228,2019-03-05,6.0,35,19,7,138
2017-12-06,170,2017-02-12,193,2017-11-22,207,2019-03-06,13.0,24,13,9,287
2018-02-22,203,2019-02-25,182,2019-02-23,237,2019-03-07,13.0,25,13,2,286
2018-02-14,86,2017-04-10,168,2018-04-06,267,2019-03-08,20.0,23,14,7,223
2019-03-04,196,2019-02-27,132,2018-04-24,299,2019-03-09,13.0,34,17,5,224
2018-11-10,207,2018-10-18,246,2018-10-19,245,2019-03-10,18.0,27,18,4,214
2017-11-13,173,2019-03-09,224,2019-03-07,286,2019-03-11,13.0,28,16,7,304
2017-03-08,269,2017-11-14,228,2017-10-29,270,2019-03-12,13.0,15,13,7,331
2018-04-07,335,2018-03-01,259,2017-11-15,218,2019-03-13,13.0,13,14,4,310
2018-10-27,254,2019-03-13,310,2017-11-15,218,2019-03-14,13.0,17,16,6,299
2019-03-12,331,2018-10-26,248,2017-10-29,270,2019-03-15,13.0,15,15,8,306
2017-04-27,186,2017-10-24,254,2017-10-30,248,2019-03-16,14.0,18,22,7,186
2018-11-24,168,2018-03-16,313,2019-03-16,186,2019-03-17,20.0,19,22,6,272
2018-04-25,291,2017-09-19,252,2019-01-14,134,2019-03-18,6.0,31,22,9,189
2017-04-17,291,2018-04-14,243,2017-09-27,136,2019-03-19,6.0,37,24,9,249
2018-11-08,96,2018-11-12,184,2018-03-11,141,2019-03-20,10.0,58,20,5,96
2017-11-15,218,2019-03-14,299,2019-02-25,182,2019-03-21,13.0,18,13,10,306
2017-02-28,174,2017-10-29,270,2017-11-14,228,2019-03-22,20.0,18,15,6,306
2017-03-08,269,2017-10-29,270,2019-03-15,306,2019-03-23,14.0,16,15,7,333
2017-11-08,193,2018-11-10,207,2017-11-12,173,2019-03-24,13.0,24,19,9,292
2018-03-24,109,2017-04-27,186,2018-04-27,306,2019-03-25,13.0,22,23,6,253
2018-04-08,193,2018-03-30,222,2018-09-30,280,2019-03-26,13.0,18,25,7,280
2018-10-02,267,2018-10-12,215,2019-03-26,280,2019-03-27,13.0,23,25,7,255
2018-10-09,199,2019-03-05,138,2017-10-03,73,2019-03-28,4.0,31,18,6,53
2019-03-09,224,2019-03-04,196,2018-04-24,299,2019-03-29,13.0,32,18,6,215
2018-04-07,335,2017-11-22,207,2019-03-13,310,2019-03-30,13.0,15,12,10,320
2019-03-15,306,2018-10-26,248,2017-03-09,264,2019-03-31,13.0,13,15,6,306
2019-03-14,299,2018-10-27,254,2018-10-10,268,2019-04-01,13.0,18,17,7,295
2018-10-28,246,2018-04-16,302,2018-10-31,214,2019-04-02,13.0,24,21,6,246
2018-10-11,269,2017-04-27,186,2018-10-23,260,2019-04-03,13.0,21,23,5,269
2018-03-23,258,2018-10-01,275,2018-10-15,215,2019-04-04,13.0,36,24,10,247
2018-03-30,222,2018-04-09,298,2018-04-16,302,2019-04-05,13.0,25,26,8,282
2018-10-14,140,2017-11-09,124,2018-10-15,215,2019-04-06,13.0,40,21,9,200
2019-04-04,247,2018-03-23,258,2018-10-01,275,2019-04-07,13.0,35,25,6,264
2017-10-18,65,2019-03-20,96,2017-10-11,200,2019-04-08,10.0,58,18,7,87
2017-04-08,187,2018-10-25,84,2017-12-30,86,2019-04-09,7.0,73,7,10,187
2019-03-04,196,2019-03-09,224,2018-04-24,299,2019-04-10,13.0,35,21,3,295
2017-04-21,270,2018-11-20,125,2018-12-02,24,2019-04-11,9.0,49,16,4,113
2018-04-24,299,2018-03-23,258,2018-03-29,114,2019-04-12,13.0,32,20,6,250
2017-10-13,181,2018-11-07,179,2018-04-12,239,2019-04-13,5.0,45,23,8,162
2019-03-16,186,2017-03-09,264,2017-04-27,186,2019-04-14,14.0,15,24,6,334
2019-04-05,282,2018-04-16,302,2018-10-12,215,2019-04-15,13.0,26,23,9,327
2018-10-14,140,2018-10-15,215,2017-05-15,261,2019-04-16,13.0,40,25,7,269
2017-05-16,289,2018-03-28,212,2017-06-14,288,2019-04-17,13.0,36,29,11,289
2018-03-29,114,2019-04-12,250,2017-11-09,124,2019-04-18,13.0,31,22,12,114
2018-10-28,246,2019-04-02,246,2018-10-12,215,2019-04-19,13.0,23,22,7,246
2018-09-24,296,2018-10-02,267,2018-04-17,296,2019-04-20,13.0,33,28,4,296
2017-04-05,124,2017-11-29,56,2017-03-14,226,2019-04-21,23.0,55,21,6,124
2018-08-31,147,2018-08-23,245,2018-09-01,207,2019-04-22,13.0,54,26,6,147
2017-06-25,265,2018-07-08,90,2018-03-15,47,2019-04-23,23.0,61,26,3,134
2017-05-08,218,2018-06-10,146,2017-04-04,75,2019-04-24,9.0,57,27,7,210
2019-03-03,142,2018-04-23,114,2017-04-21,270,2019-04-25,20.0,51,16,9,124
2019-03-28,53,2018-10-09,199,2019-03-05,138,2019-04-26,4.0,33,19,7,283
2019-02-22,173,2017-03-20,228,2019-02-26,64,2019-04-27,6.0,31,17,5,52
2018-10-21,75,2018-03-26,274,2017-10-19,133,2019-04-28,6.0,41,22,2,272
2018-03-31,255,2017-05-09,290,2017-10-06,227,2019-04-29,13.0,45,26,6,289
2017-06-04,283,2018-05-24,316,2018-09-28,252,2019-04-30,13.0,31,26,7,282
2017-05-13,316,2017-04-29,298,2018-04-27,306,2019-05-01,14.0,16,29,6,320
2019-05-01,320,2018-05-07,293,2018-04-27,306,2019-05-02,13.0,14,29,7,314
2018-10-04,219,2018-05-07,293,2018-05-08,322,2019-05-03,13.0,22,29,7,289
2018-03-26,274,2017-10-21,195,2017-05-10,260,2019-05-04,6.0,28,27,9,241
2019-04-18,114,2018-10-06,206,2018-10-02,267,2019-05-05,13.0,32,23,10,156
2018-04-15,318,2019-04-19,246,2019-03-26,280,2019-05-06,13.0,17,24,5,317
2017-03-27,212,2018-10-23,260,2017-10-31,169,2019-05-07,6.0,17,27,7,309
2017-10-15,100,2017-10-25,63,2018-04-10,117,2019-05-08,6.0,24,25,8,233
2018-05-11,132,2018-03-26,274,2017-05-10,260,2019-05-09,4.0,27,28,8,295
2018-06-14,301,2018-04-28,281,2018-09-10,203,2019-05-10,13.0,32,30,8,160
2018-05-08,322,2018-06-11,268,2018-05-09,322,2019-05-11,13.0,28,32,8,289
2018-04-10,117,2017-05-07,258,2017-10-25,63,2019-05-12,5.0,27,31,9,261
2019-05-02,314,2019-05-01,320,2018-04-27,306,2019-05-13,13.0,15,31,3,269
2017-05-10,260,2018-03-26,274,2017-10-21,195,2019-05-14,6.0,25,30,7,262
2018-04-29,261,2018-09-11,239,2018-05-26,239,2019-05-15,13.0,41,31,8,281
2018-06-11,268,2018-06-16,214,2018-06-18,251,2019-05-16,13.0,34,35,5,251
2018-08-27,282,2019-04-30,282,2018-05-24,316,2019-05-17,13.0,33,35,5,277
2019-05-14,262,2017-05-10,260,2019-04-28,272,2019-05-18,6.0,39,31,5,255
2018-05-14,268,2017-09-30,239,2019-03-10,214,2019-05-19,6.0,25,29,9,235
2019-05-01,320,2019-05-02,314,2018-04-27,306,2019-05-20,14.0,14,27,9,316
2018-05-30,299,2018-05-28,285,2019-05-02,314,2019-05-21,13.0,12,31,6,302
2018-06-05,283,2018-05-28,285,2018-05-31,297,2019-05-22,14.0,11,38,4,290
2019-05-22,290,2018-06-05,283,2018-06-12,291,2019-05-23,14.0,10,40,8,286
2019-02-26,64,2018-06-13,230,2019-05-08,233,2019-05-24,6.0,18,37,9,194
2018-06-30,272,2018-06-15,288,2018-06-18,251,2019-05-25,13.0,33,36,8,255
2017-09-04,174,2018-08-30,158,2018-08-08,162,2019-05-26,0.0,58,34,7,174
2019-04-30,282,2019-05-17,277,2017-06-04,283,2019-05-27,13.0,29,26,10,282
2019-05-21,302,2018-05-28,285,2018-05-30,299,2019-05-28,13.0,15,32,7,317
2018-06-01,288,2018-05-27,280,2019-05-07,309,2019-05-29,6.0,15,34,9,319
2018-05-30,299,2018-05-29,279,2018-06-22,224,2019-05-30,13.0,20,34,5,244
2019-05-29,319,2018-06-01,288,2018-05-27,280,2019-05-31,6.0,11,33,5,141
2018-06-13,230,2017-05-11,230,2017-05-28,293,2019-06-01,5.0,31,33,9,179
2018-06-04,260,2018-06-05,283,2018-06-20,255,2019-06-02,13.0,19,39,8,285
2018-05-31,297,2018-06-20,255,2018-05-30,299,2019-06-03,13.0,13,38,5,280
2018-06-21,213,2018-06-29,256,2018-06-20,255,2019-06-04,13.0,25,40,9,237
2018-11-05,30,2017-09-21,230,2018-12-01,86,2019-06-05,15.0,59,29,6,157
2018-07-08,90,2017-06-07,292,2017-06-25,265,2019-06-06,21.0,55,30,7,144
2018-06-18,251,2018-06-16,214,2018-04-30,206,2019-06-07,13.0,38,33,7,252
2018-06-11,268,2018-06-16,214,2018-06-04,260,2019-06-08,13.0,32,35,7,268
2019-05-17,277,2018-09-03,259,2018-09-28,252,2019-06-09,13.0,32,32,8,312
2018-05-08,322,2018-06-15,288,2018-06-08,210,2019-06-10,13.0,26,34,5,284
2018-06-21,213,2018-06-20,255,2018-06-29,256,2019-06-11,13.0,24,38,3,282
2018-06-21,213,2019-06-11,282,2018-06-20,255,2019-06-12,13.0,23,38,8,263
2019-06-10,284,2018-06-08,210,2018-06-30,272,2019-06-13,13.0,27,35,7,211
2019-06-13,211,2018-06-08,210,2019-06-10,284,2019-06-14,13.0,25,35,7,274
2019-06-11,282,2019-06-12,263,2018-06-21,213,2019-06-15,13.0,25,37,7,252
2018-06-15,288,2019-05-25,255,2019-06-10,284,2019-06-16,13.0,32,32,6,255
2018-06-11,268,2019-06-13,211,2018-06-15,288,2019-06-17,13.0,31,37,4,241
2019-06-11,282,2019-06-15,252,2018-06-29,256,2019-06-18,13.0,27,38,6,260
2019-06-17,241,2019-06-18,260,2018-07-03,260,2019-06-19,13.0,30,39,7,200
2018-08-27,282,2018-05-24,316,2019-05-17,277,2019-06-20,9.0,42,32,5,124
2019-06-17,241,2018-07-02,230,2018-07-03,260,2019-06-21,13.0,33,37,7,238
2019-06-14,274,2018-06-22,224,2019-06-13,211,2019-06-22,13.0,24,35,7,272
2018-06-22,224,2018-06-29,256,2018-06-21,213,2019-06-23,13.0,19,38,5,271
2019-06-12,263,2018-06-21,213,2018-06-29,256,2019-06-24,13.0,22,39,6,269
2019-06-17,241,2019-06-13,211,2019-06-15,252,2019-06-25,13.0,29,36,7,263
2019-06-18,260,2019-06-19,200,2019-06-17,241,2019-06-26,13.0,28,38,3,276
2019-06-17,241,2019-06-21,238,2018-06-11,268,2019-06-27,13.0,32,37,6,226
2017-06-30,189,2017-09-10,66,2017-09-16,127,2019-06-28,18.0,55,30,6,99
2018-06-27,255,2019-06-26,276,2018-06-24,254,2019-06-29,13.0,32,39,8,280
2019-06-16,255,2019-05-25,255,2018-06-15,288,2019-06-30,13.0,30,34,8,267
2019-06-15,252,2019-06-11,282,2019-06-14,274,2019-07-01,13.0,24,35,7,297
2019-06-24,269,2019-06-23,271,2018-06-21,213,2019-07-02,13.0,21,39,7,267
2018-06-24,254,2019-06-18,260,2019-06-19,200,2019-07-03,13.0,27,38,6,293
2018-05-14,268,2019-05-19,235,2018-06-07,268,2019-07-04,16.0,30,40,7,238
2019-06-24,269,2018-06-29,256,2018-06-21,213,2019-07-05,13.0,24,39,11,284
2017-07-26,107,2018-07-29,197,2018-07-30,223,2019-07-06,0.0,55,32,8,91
2018-06-10,146,2017-07-22,79,2017-09-26,85,2019-07-07,9.0,68,26,8,192
2017-05-22,187,2017-09-24,230,2017-09-27,136,2019-07-08,4.0,47,31,7,217
2019-04-24,210,2017-06-22,44,2017-05-08,218,2019-07-09,9.0,57,29,4,176
2018-08-09,202,2018-05-15,67,2017-05-08,218,2019-07-10,0.0,52,32,3,130
2017-05-28,293,2018-07-10,135,2017-09-19,252,2019-07-11,4.0,44,33,4,251
2018-04-21,186,2018-05-27,280,2018-06-01,288,2019-07-12,4.0,37,35,6,244
2019-06-27,226,2018-07-03,260,2019-06-21,238,2019-07-13,13.0,34,38,4,283
2019-07-12,244,2018-06-07,268,2018-07-06,243,2019-07-14,9.0,35,37,6,187
2019-06-19,200,2019-06-21,238,2019-06-17,241,2019-07-15,13.0,31,38,6,277
2019-06-21,238,2019-07-15,277,2018-07-03,260,2019-07-16,13.0,34,38,4,225
2018-08-22,125,2018-07-29,197,2017-07-26,107,2019-07-17,0.0,57,31,5,98
2018-07-07,228,2018-07-05,252,2018-07-06,243,2019-07-18,13.0,41,36,6,226
2019-07-12,244,2018-04-21,186,2018-08-12,282,2019-07-19,4.0,44,37,6,270
2018-08-08,162,2018-06-07,268,2019-04-13,162,2019-07-20,4.0,50,38,6,213
2019-06-19,200,2019-07-13,283,2019-07-15,277,2019-07-21,13.0,31,42,3,275
2018-07-06,243,2019-07-16,225,2019-07-15,277,2019-07-22,13.0,36,41,7,196
2017-08-23,245,2017-08-03,245,2017-08-14,168,2019-07-23,0.0,68,34,3,218
2019-07-21,275,2018-07-22,243,2019-07-22,196,2019-07-24,13.0,34,41,4,285
2018-07-13,92,2018-06-17,107,2017-06-15,252,2019-07-25,4.0,34,41,5,149
2019-07-24,285,2018-06-21,213,2018-06-29,256,2019-07-26,13.0,26,43,5,279
2017-07-23,173,2017-07-21,161,2018-09-13,240,2019-07-27,0.0,49,38,6,218
2018-05-16,130,2018-10-25,84,2018-08-15,247,2019-07-28,24.0,49,39,6,265
2018-07-04,180,2018-06-17,107,2018-07-27,107,2019-07-29,4.0,48,39,10,138
2018-07-14,154,2018-07-27,107,2018-07-04,180,2019-07-30,4.0,52,35,6,190
2017-08-08,288,2017-08-10,287,2017-06-29,240,2019-07-31,20.0,42,38,7,257
2019-07-27,218,2018-07-30,223,2019-07-14,187,2019-08-01,4.0,41,37,6,258
2018-08-09,202,2017-07-22,79,2019-07-07,192,2019-08-02,15.0,62,32,4,86
2018-05-16,130,2017-09-30,239,2019-07-20,213,2019-08-03,0.0,60,34,5,223
2018-05-15,67,2018-08-05,175,2018-06-26,204,2019-08-04,9.0,59,34,4,209
2019-07-20,213,2018-08-08,162,2018-06-07,268,2019-08-05,4.0,52,35,3,237
2019-07-23,218,2019-08-04,209,2017-08-14,168,2019-08-06,15.0,65,33,3,183
2017-10-01,134,2018-08-14,235,2018-05-25,235,2019-08-07,0.0,73,29,4,100
2017-08-16,240,2018-09-13,240,2017-07-31,155,2019-08-08,9.0,59,33,5,258
2018-08-09,202,2017-07-21,161,2017-09-26,85,2019-08-09,0.0,57,34,2,180
2019-07-09,176,2018-08-15,247,2019-07-06,91,2019-08-10,0.0,73,31,7,109
2018-08-19,23,2017-08-28,50,2018-06-10,146,2019-08-11,7.0,93,23,12,23
2018-05-12,215,2017-04-08,187,2019-08-07,100,2019-08-12,10.0,82,25,9,215
2019-08-12,215,2017-04-08,187,2019-08-03,223,2019-08-13,9.0,78,28,6,72
2018-08-17,73,2018-08-27,282,2017-09-06,211,2019-08-14,13.0,60,31,5,239
2018-08-26,246,2018-07-17,170,2018-07-18,198,2019-08-15,13.0,51,36,5,296
2017-09-25,176,2018-09-02,72,2018-08-24,292,2019-08-16,13.0,54,30,7,160
2018-09-01,207,2018-08-24,292,2018-09-05,224,2019-08-17,13.0,49,29,7,309
2018-08-25,290,2018-09-05,224,2018-04-30,206,2019-08-18,13.0,45,33,6,289
2019-08-17,309,2018-08-24,292,2019-08-18,289,2019-08-19,13.0,49,32,4,270
2018-09-13,240,2019-08-08,258,2018-08-13,240,2019-08-20,9.0,59,31,4,216
2018-06-26,204,2017-06-22,44,2019-08-04,209,2019-08-21,1.0,64,30,6,279
2018-09-05,224,2019-08-18,289,2018-09-11,239,2019-08-22,13.0,45,32,5,208
2018-08-25,290,2019-08-18,289,2018-09-05,224,2019-08-23,13.0,41,32,5,284
2019-08-17,309,2018-08-24,292,2019-08-19,270,2019-08-24,13.0,52,29,4,94
2018-07-04,180,2019-07-29,138,2017-10-07,28,2019-08-25,4.0,59,29,4,95
2019-08-08,258,2019-08-20,216,2019-05-18,255,2019-08-26,4.0,56,30,3,91
2017-09-30,239,2017-09-04,174,2018-08-30,158,2019-08-27,4.0,63,29,5,259
2018-05-26,239,2018-07-01,275,2017-09-12,273,2019-08-28,13.0,39,33,6,286
2018-09-08,293,2018-09-07,302,2018-05-18,269,2019-08-29,13.0,41,28,6,293
2019-08-23,284,2018-09-04,291,2018-09-05,224,2019-08-30,13.0,41,30,5,298
2018-07-01,275,2017-09-15,186,2017-09-13,260,2019-08-31,13.0,37,32,5,289
2019-08-01,258,2018-09-13,240,2019-08-20,216,2019-09-01,9.0,50,30,5,245
2019-08-05,237,2018-08-08,162,2019-07-20,213,2019-09-02,4.0,51,30,5,262
2018-09-11,239,2019-08-22,208,2018-05-26,239,2019-09-03,13.0,43,30,6,252
2019-09-03,252,2018-09-11,239,2019-08-30,298,2019-09-04,13.0,41,30,5,208
2019-08-23,284,2018-09-11,239,2019-08-30,298,2019-09-05,13.0,42,32,5,251
2019-08-23,284,2019-09-05,251,2019-08-30,298,2019-09-06,13.0,42,32,5,257
2019-09-05,251,2018-09-11,239,2019-08-22,208,2019-09-07,13.0,43,33,6,250
2018-06-18,251,2019-06-21,238,2018-06-15,288,2019-09-08,13.0,35,36,6,262
2018-08-25,290,2019-08-23,284,2019-09-06,257,2019-09-09,13.0,41,34,6,234
2019-09-02,262,2019-08-05,237,2018-08-08,162,2019-09-10,4.0,62,29,7,119
2018-08-31,147,2019-04-22,147,2017-07-28,73,2019-09-11,13.0,60,24,7,81
2018-09-16,252,2018-05-01,68,2018-04-23,114,2019-09-12,18.0,72,24,2,36
2018-09-19,66,2019-09-12,36,2019-08-04,209,2019-09-13,9.0,86,23,4,93
2018-09-11,239,2019-09-03,252,2019-09-04,208,2019-09-14,13.0,45,29,5,163
2018-09-08,293,2019-08-30,298,2018-09-10,203,2019-09-15,13.0,40,30,5,144
2019-08-17,309,2019-09-14,163,2018-09-09,282,2019-09-16,13.0,49,28,6,228
2019-08-29,293,2018-09-08,293,2018-09-07,302,2019-09-17,13.0,42,27,6,127
2017-10-14,109,2017-05-15,261,2017-05-16,289,2019-09-18,13.0,39,25,8,295
2018-01-20,127,2019-04-05,282,2019-05-03,289,2019-09-19,6.0,25,27,5,127
2018-10-06,206,2018-10-07,296,2018-09-24,296,2019-09-20,13.0,39,22,3,90
2019-08-29,293,2018-04-18,289,2018-09-08,293,2019-09-21,13.0,37,29,7,238
2018-05-06,197,2018-04-26,281,2019-09-14,163,2019-09-22,13.0,43,27,7,258
2017-09-15,186,2019-06-16,255,2018-09-29,255,2019-09-23,13.0,33,31,4,265
2019-08-31,289,2018-06-03,246,2018-10-03,247,2019-09-24,13.0,31,33,4,260
2018-04-20,292,2017-09-14,269,2018-04-19,290,2019-09-25,13.0,30,31,6,248
2019-05-11,289,2018-06-15,288,2018-05-08,322,2019-09-26,13.0,31,33,3,276
2019-09-26,276,2018-04-28,281,2018-09-10,203,2019-09-27,13.0,32,31,5,240
2019-09-27,240,2019-09-26,276,2018-04-28,281,2019-09-28,13.0,33,31,6,217
2019-09-28,217,2019-09-27,240,2019-09-26,276,2019-09-29,13.0,33,32,6,222
2019-09-29,222,2019-09-28,217,2019-09-26,276,2019-09-30,13.0,31,32,6,222
2018-05-27,280,2019-05-29,319,2018-06-01,288,2019-10-01,6.0,24,32,4,229
2019-09-24,260,2018-06-03,246,2018-06-24,254,2019-10-02,13.0,30,34,3,228
2019-09-30,222,2019-06-16,255,2019-06-10,284,2019-10-03,13.0,29,34,4,217
2018-12-01,86,2017-10-22,230,2017-10-09,8,2019-10-04,18.0,67,21,10,18
2017-04-12,313,2017-04-17,291,2019-03-19,249,2019-10-05,6.0,31,20,8,290
2019-03-10,214,2017-03-20,228,2018-12-19,103,2019-10-06,18.0,36,19,5,66
2017-10-12,217,2018-03-11,141,2017-06-03,293,2019-10-07,20.0,52,21,5,230
2017-10-14,109,2018-03-13,240,2017-04-03,263,2019-10-08,13.0,37,23,7,262
2018-03-03,127,2017-10-18,65,2017-04-12,313,2019-10-09,1.0,60,21,7,154
2017-10-09,8,2017-01-26,86,2017-12-15,87,2019-10-10,4.0,71,20,2,59
2019-08-03,223,2017-10-13,181,2017-04-13,187,2019-10-11,9.0,59,23,4,121
2019-06-06,144,2018-10-20,168,2017-04-14,222,2019-10-12,20.0,54,24,7,220
2018-10-15,215,2017-05-15,261,2018-09-09,282,2019-10-13,13.0,42,25,4,190
2019-02-04,160,2019-05-27,282,2019-04-30,282,2019-10-14,13.0,30,16,8,269
2018-10-29,249,2018-11-10,207,2018-10-28,246,2019-10-15,13.0,24,19,4,260
2019-03-02,183,2017-04-10,168,2019-01-29,98,2019-10-16,6.0,31,17,4,52
2019-02-28,106,2019-09-19,127,2018-01-20,127,2019-10-17,6.0,37,17,3,119
2018-10-14,140,2018-05-21,52,2019-04-06,200,2019-10-18,13.0,47,21,4,184
2018-10-15,215,2018-10-14,140,2018-10-01,275,2019-10-19,13.0,39,24,6,192
2018-10-06,206,2018-09-24,296,2018-10-15,215,2019-10-20,13.0,41,25,6,154
2019-04-30,282,2019-05-27,282,2018-05-24,316,2019-10-21,13.0,32,26,5,225
2018-09-09,282,2018-09-07,302,2018-05-18,269,2019-10-22,13.0,41,27,3,158
2019-07-27,218,2019-10-16,52,2017-03-30,109,2019-10-23,4.0,46,26,4,169
2018-10-08,186,2018-04-21,186,2019-10-19,192,2019-10-24,9.0,40,24,7,114
2017-03-16,222,2018-11-24,168,2017-11-25,174,2019-10-25,20.0,24,15,7,238
2017-03-16,222,2018-01-20,127,2018-10-27,254,2019-10-26,6.0,20,19,5,231
2018-11-01,208,2018-11-02,194,2017-03-18,186,2019-10-27,13.0,29,21,7,219
2018-10-26,248,2017-10-30,248,2019-03-16,186,2019-10-28,14.0,14,18,8,180
2019-04-14,334,2019-10-28,180,2019-03-16,186,2019-10-29,14.0,14,21,5,229
2017-05-06,320,2017-10-24,254,2019-04-15,327,2019-10-30,13.0,25,23,7,204
2017-04-28,186,2019-05-03,289,2018-03-30,222,2019-10-31,13.0,22,27,5,209
2017-11-07,119,2018-10-20,168,2018-11-02,194,2019-11-01,20.0,31,23,6,170
2017-10-03,73,2019-07-30,190,2019-10-21,225,2019-11-02,9.0,35,24,3,45
2018-12-25,119,2018-02-27,93,2019-01-14,134,2019-11-03,6.0,61,15,8,50
2019-03-09,224,2019-04-12,250,2018-11-10,207,2019-11-04,13.0,33,18,5,222
2019-04-06,200,2017-11-09,124,2017-10-26,153,2019-11-05,13.0,37,20,5,210
2018-04-24,299,2019-04-06,200,2019-04-12,250,2019-11-06,13.0,38,20,5,117
2018-11-28,66,2017-11-16,75,2019-10-18,184,2019-11-07,13.0,49,16,8,124
2019-10-18,184,2019-11-07,124,2019-11-06,117,2019-11-08,13.0,46,19,5,168
2019-10-18,184,2019-11-08,168,2019-11-06,117,2019-11-09,13.0,46,20,6,127
2019-04-02,246,2019-10-15,260,2018-10-29,249,2019-11-10,13.0,22,18,9,169
2018-10-28,246,2018-10-18,246,2017-11-08,193,2019-11-11,13.0,23,21,5,223
2018-10-12,215,2018-04-16,302,2018-10-31,214,2019-11-12,13.0,26,23,6,162
2019-03-31,306,2019-03-15,306,2018-10-26,248,2019-11-13,13.0,13,13,10,198
2019-03-15,306,2019-03-31,306,2017-10-30,248,2019-11-14,13.0,19,16,9,214
2017-03-17,143,2019-11-04,222,2018-11-10,207,2019-11-15,13.0,32,19,4,162
2019-11-06,117,2018-04-24,299,2019-03-04,196,2019-11-16,13.0,39,21,5,42
2017-01-08,97,2017-03-28,97,2019-11-03,50,2019-11-17,10.0,65,12,7,31
2017-11-26,204,2017-03-07,206,2017-03-02,265,2019-11-18,14.0,11,8,6,210
2017-03-02,265,2017-10-29,270,2017-03-08,269,2019-11-19,14.0,14,14,3,195
2017-01-27,175,2019-01-23,210,2017-02-12,193,2019-11-20,20.0,23,13,7,149
2018-11-17,117,2017-11-05,201,2018-11-23,149,2019-11-21,13.0,39,16,5,100
2018-03-11,141,2019-11-08,168,2018-11-14,155,2019-11-22,13.0,55,18,5,146
2017-12-15,87,2017-10-09,8,2018-11-15,37,2019-11-23,10.0,84,15,2,29
2018-02-20,33,2019-02-13,98,2019-02-21,228,2019-11-24,10.0,51,9,10,65
2017-02-07,72,2017-12-01,179,2017-02-17,166,2019-11-25,14.0,32,8,5,225
2019-01-10,114,2017-03-30,109,2019-01-29,98,2019-11-26,8.0,50,6,5,173
2019-02-06,13,2017-11-29,56,2017-12-29,15,2019-11-27,20.0,58,5,7,13
2018-03-16,313,2018-11-24,168,2018-11-26,140,2019-11-28,20.0,38,7,5,313
2018-01-16,88,2017-12-07,165,2017-12-09,178,2019-11-29,13.0,31,9,2,88
2019-11-23,29,2018-03-15,47,2017-01-26,86,2019-11-30,20.0,65,9,4,29
2017-02-08,118,2018-03-15,47,2017-01-27,175,2019-12-01,20.0,34,8,4,118
2017-02-10,241,2017-03-07,206,2017-12-05,183,2019-12-02,14.0,19,6,5,241
2019-01-22,202,2019-01-21,199,2017-03-08,269,2019-12-03,14.0,20,11,5,192
2019-01-23,210,2019-12-03,192,2017-02-12,193,2019-12-04,14.0,22,13,4,181
2017-11-27,136,2017-02-19,93,2018-02-20,33,2019-12-05,6.0,65,4,9,136
2017-02-03,118,2017-01-11,138,2018-01-14,135,2019-12-06,13.0,48,7,5,118
2017-02-04,28,2017-01-02,126,2017-12-27,120,2019-12-07,13.0,53,11,4,28
2018-03-19,266,2017-12-02,129,2018-02-25,231,2019-12-08,13.0,48,12,7,266
2017-02-24,247,2018-12-18,171,2017-11-03,191,2019-12-09,13.0,32,14,4,247
2017-12-22,145,2017-11-21,175,2019-02-27,132,2019-12-10,13.0,35,12,6,145
2017-11-22,207,2018-12-17,161,2017-12-25,168,2019-12-11,13.0,22,9,6,207
2019-12-04,181,2017-02-12,193,2017-12-21,163,2019-12-12,13.0,23,11,5,177
2018-02-16,197,2018-11-19,198,2017-11-21,175,2019-12-13,13.0,38,13,7,131
2017-02-06,118,2019-02-15,148,2017-02-07,72,2019-12-14,20.0,38,8,5,75
2017-12-03,31,2017-10-01,134,2018-11-08,96,2019-12-15,10.0,60,7,4,17
2018-12-01,86,2017-01-08,97,2017-01-01,98,2019-12-16,10.0,93,7,3,8
2019-11-28,313,2017-01-01,98,2018-11-26,140,2019-12-17,20.0,67,7,7,73
2018-03-15,47,2017-02-08,118,2019-12-01,118,2019-12-18,20.0,35,5,3,144
2018-03-05,281,2019-02-11,164,2019-01-13,81,2019-12-19,13.0,41,7,5,146
2018-01-14,135,2019-02-19,53,2019-12-06,118,2019-12-20,13.0,46,8,5,118
2017-02-03,118,2019-12-08,266,2017-12-02,129,2019-12-21,13.0,45,12,4,118
2018-01-17,21,2019-01-11,50,2017-02-04,28,2019-12-22,13.0,63,10,6,21
2018-03-15,47,2019-12-18,144,2019-02-06,13,2019-12-23,20.0,59,6,7,47
2019-02-19,53,2019-02-12,81,2019-01-12,104,2019-12-24,13.0,50,8,3,42
2019-12-17,73,2019-12-23,47,2019-02-06,13,2019-12-25,10.0,84,5,6,13
2018-11-18,106,2018-12-06,184,2019-02-28,106,2019-12-26,6.0,39,5,5,152
2017-12-26,148,2017-12-21,163,2017-12-01,179,2019-12-27,14.0,31,8,7,180
2017-03-05,231,2017-12-27,120,2019-12-21,118,2019-12-28,20.0,45,12,6,169
2018-10-21,75,2017-10-19,133,2019-04-28,272,2019-12-29,6.0,63,11,6,167
2018-01-08,162,2019-01-15,206,2018-01-10,214,2019-12-30,13.0,18,-1,9,190
2018-02-05,253,2018-01-10,214,2017-01-13,186,2019-12-31,20.0,24,-1,6,208
2017-12-13,120,2017-12-11,182,2019-01-03,122,2020-01-01,13.0,35,6,4,135
2019-12-24,42,2019-02-19,53,2019-02-12,81,2020-01-02,13.0,48,8,3,141
2017-02-06,118,2017-11-30,184,2018-01-13,199,2020-01-03,20.0,41,7,2,126
2018-12-19,103,2019-10-06,66,2019-03-10,214,2020-01-04,20.0,42,10,3,94
2019-12-15,17,2017-12-03,31,2017-10-08,19,2020-01-05,10.0,69,6,3,17
2017-12-15,87,2017-10-09,8,2019-12-25,13,2020-01-06,19.0,85,6,5,13
2019-08-11,23,2019-01-10,114,2019-12-05,136,2020-01-07,8.0,92,3,9,5
2019-11-28,313,2019-12-17,73,2018-11-26,140,2020-01-08,20.0,50,5,2,166
2019-12-31,208,2019-12-27,180,2018-12-14,189,2020-01-09,20.0,28,7,2,201
2020-01-02,141,2019-12-24,42,2018-12-26,199,2020-01-10,13.0,52,6,3,86
2019-02-13,98,2019-11-24,65,2019-02-07,215,2020-01-11,2.0,55,2,5,93
2018-12-26,199,2020-01-10,86,2019-01-11,50,2020-01-12,13.0,68,4,3,130
2018-10-16,110,2019-12-15,17,2019-11-30,29,2020-01-13,8.0,71,2,4,89
2017-02-07,72,2019-01-03,122,2018-01-13,199,2020-01-14,13.0,34,5,4,223
2019-11-28,313,2018-03-16,313,2020-01-08,166,2020-01-15,12.0,34,4,2,197
2017-12-03,31,2020-01-08,166,2017-11-29,56,2020-01-16,12.0,46,2,3,76
2020-01-03,126,2020-01-12,130,2018-12-15,150,2020-01-17,20.0,69,4,4,35
2020-01-08,166,2019-12-17,73,2019-11-28,313,2020-01-18,20.0,58,6,6,75
2017-02-07,72,2019-11-25,225,2017-12-01,179,2020-01-19,13.0,32,7,5,145
2019-12-28,169,2017-03-05,231,2020-01-09,201,2020-01-20,20.0,41,6,6,224
2017-01-17,51,2018-12-15,150,2020-01-10,86,2020-01-21,13.0,56,8,5,88
2020-01-04,94,2018-12-19,103,2019-01-11,50,2020-01-22,20.0,64,9,3,109
2020-01-17,35,2020-01-03,126,2018-12-15,150,2020-01-23,20.0,59,9,4,99
2018-11-27,84,2018-12-25,119,2019-01-14,134,2020-01-24,6.0,47,6,7,194
2019-02-04,160,2018-02-21,236,2018-03-05,281,2020-01-25,13.0,38,8,3,176
2017-12-15,87,2020-01-06,13,2019-12-14,75,2020-01-26,20.0,43,6,6,62
2020-01-21,88,2017-01-17,51,2018-12-31,151,2020-01-27,13.0,43,6,5,120
2018-04-13,44,2018-11-06,46,2020-01-03,126,2020-01-28,20.0,45,6,4,95
2020-01-18,75,2017-12-15,87,2020-01-08,166,2020-01-29,22.0,63,4,5,88
2019-02-11,164,2018-03-05,281,2018-12-16,144,2020-01-30,13.0,36,10,3,236
2018-11-22,181,2017-02-18,202,2017-02-24,247,2020-01-31,14.0,41,13,6,181
2019-11-28,313,2018-02-18,150,2020-01-08,166,2020-02-01,20.0,42,9,7,313
2019-12-23,47,2019-12-25,13,2019-12-01,118,2020-02-02,18.0,73,5,5,76
2020-01-19,145,2017-02-07,72,2017-12-01,179,2020-02-03,14.0,33,8,6,232
2020-01-17,35,2020-01-23,99,2017-12-15,87,2020-02-04,20.0,69,4,8,43
2019-01-30,67,2018-01-18,44,2017-02-02,177,2020-02-05,6.0,36,3,6,136
2019-12-05,136,2019-02-13,98,2018-03-04,30,2020-02-06,8.0,67,3,3,42
2018-02-28,146,2018-11-11,73,2020-01-21,88,2020-02-07,6.0,59,9,5,24
2019-12-07,28,2018-11-29,148,2018-01-17,21,2020-02-08,13.0,55,11,4,103
2017-11-28,138,2017-11-03,191,2018-11-22,181,2020-02-09,14.0,39,15,6,206
2017-02-15,180,2017-02-18,202,2017-04-01,319,2020-02-10,14.0,34,16,6,236
2019-11-08,168,2019-03-04,196,2019-11-09,127,2020-02-11,13.0,46,16,6,208
2018-11-09,192,2018-11-14,155,2018-11-12,184,2020-02-12,13.0,49,17,6,223
2018-11-12,184,2017-04-06,285,2020-02-12,223,2020-02-13,14.0,50,20,7,225
2017-10-10,15,2017-04-04,75,2019-08-11,23,2020-02-14,9.0,82,15,7,7
2018-12-02,24,2017-02-22,29,2020-01-17,35,2020-02-15,20.0,79,-1,7,78
2017-12-12,156,2019-01-09,87,2019-01-01,125,2020-02-16,13.0,23,4,7,296
2017-12-05,183,2017-02-17,166,2019-01-21,199,2020-02-17,14.0,24,9,6,297
2019-02-21,228,2017-02-26,226,2017-03-26,304,2020-02-18,20.0,26,12,9,263
2020-02-04,43,2020-01-03,126,2020-01-31,181,2020-02-19,20.0,38,15,6,218
2020-01-04,94,2018-03-20,187,2017-03-23,26,2020-02-20,20.0,43,13,4,128
2018-11-18,106,2019-02-28,106,2018-02-28,146,2020-02-21,4.0,34,14,7,177
2017-03-08,269,2019-12-03,192,2017-10-29,270,2020-02-22,14.0,18,13,5,292
2017-11-12,173,2017-11-05,201,2017-03-17,143,2020-02-23,13.0,33,16,10,242
2018-11-15,37,2017-03-30,109,2017-04-04,75,2020-02-24,1.0,79,13,3,36
2019-02-06,13,2020-02-02,76,2019-11-27,13,2020-02-25,20.0,71,8,7,38
2019-02-12,81,2019-02-19,53,2020-01-02,141,2020-02-26,13.0,46,9,8,150
2018-01-21,28,2019-02-05,119,2018-12-10,133,2020-02-27,4.0,28,10,5,65
2020-02-02,76,2019-12-23,47,2018-03-15,47,2020-02-28,20.0,68,11,6,53
2018-11-30,41,2018-11-29,148,2019-11-22,146,2020-02-29,13.0,60,15,5,28
